id,iso_code,ascii_name,utf8_name,description,earliestTimeDepthBound,latestTimeDepthBound,progress,author,foss_stat,glottocode,level0,level1,level2,level3,low_stat,representative,reviewer,rfcWebPath1,rfcWebPath2,soundcompcode,variety,sortRankInClade,sndCompLevel0,sndCompLevel1,sndCompLevel2,sndCompLevel3,entryTimeframe,originalAsciiName,historical,notInExport,distribution,logNormalMean,logNormalOffset,logNormalStDev,normalMean,normalStDev,uniformLower,uniformUpper,latitude,longitude,exampleLanguage,fragmentary,nativeScriptIsRtl,loc_justification
127,sga,OldIrish,Old Irish,Primarily based on Old Irish glosses,,,5,Cormac Anderson,False,oldi1245,10,3,0,0,False,True,,http://dil.ie/,,,,10,4,1,0,0,,Old_Irish,True,False,N,,,,1250,50,,,54.3500000000,-6.6600000000,False,False,False,"Armagh, primary site of Irish Christianity and centre for Old Irish"
135,plq,Palaic,Palaic,,,,5,Matilde Serangeli,False,pala1331,1,0,0,0,False,False,,,,,,40,6,0,0,0,,Palaic,True,True,N,,,,3500,100,,,40.0200000000,34.6200000000,False,False,False,
75,wbl,Wakhi,Wakhi,,,,1,John Mock,False,wakh1245,6,3,0,0,False,False,,,,,,29,7,0,0,0,,Wakhi,False,True,_,,,,,,,,37.1800000000,73.9800000000,False,False,False,
178,xmn,MiddlePersian,Middle Persian,"Middle Persian as found in Manichaean texts from Central Asia, written in Manichaean script. In contrast to Zoroastrian ""Pahlavi"" writing reflects the actual phonology much better, and this variety also appears to be more strictly ""Persian"" (less loans from NW Iranian). Phonologization follows Durkin-Meisterernst and MacKenzie.",,,5,Martin Kümmel,False,pahl1241,6,3,0,0,False,False,,,,,,65,7,0,0,0,,Middle_Persian,True,False,N,,,,1600,150,,,28.6600000000,55.1600000000,False,False,False,
124,oss,OsseticIron,Ossetic: Iron,,,,5,Oleg Belyaev,False,iron1242,6,3,0,0,False,False,,,,,Iron,98,7,0,0,0,,Ossetic_Iron,False,False,_,,,,,,,,41.7900000000,43.2700000000,False,False,False,
254,mkd,MacedonianSuho,Macedonian: Suho,,,,5,Lechosław Jocz,False,mace1250,7,2,1,0,False,False,,,,,Suho,26,0,0,0,0,,,False,False,_,,,,,,,,40.8200000000,23.3700000000,False,False,False,Set on the village of Suho/Sochos in the Thessaloniki region of Greece.
176,pox,Polabian,Polabian,,,,5,Lechosław Jocz,False,pola1255,7,2,2,0,False,False,,,,,,78,3,2,0,0,,Polabian,True,False,N,,,,320,20,,,52.9411100000,11.1252780000,False,False,False,"Set in Klennow (near Wustrow), the home village of the main informant for the richest available documentation of Polabian, by Christian Hennig von Jessen.  For details, see Polański & Sehnert (1967: 15)."
150,owl,OldWelsh,Old Welsh,,1250,850,5,Alexander Falileyev,False,oldw1239,10,2,1,0,False,False,,,,,,40,4,2,0,0,,Old_Welsh,True,False,N,,,,1050,75,,,52.0000000000,-4.0000000000,False,False,False,
148,obt,OldBreton,Old Breton,,1200,900,5,Britta Irslinger,False,oldb1248,10,2,3,0,False,False,,,,,,10,4,2,0,0,,Old_Breton,True,False,N,,,,1050,75,,,48.2500000000,-3.7900000000,False,False,False,
101,cor,MiddleCornishOld,ZLegacy_Middle Cornish OLD,,1000,400,1,Nicholas Williams,False,corn1251,10,2,0,0,False,False,,,,,,35,4,2,0,0,,Middle_Cornish,True,True,N,,,,700,100,,,,,False,False,False,
234,bre,BretonGwened,Breton: Gwened,,,,5,Loïc Cheveau,False,vann1244,10,2,3,0,False,False,,,,,,21,0,0,0,0,,,False,False,_,,,,,,,,47.7500000000,-2.8000000000,False,False,False,
252,hbs,MiddleSerboCroatShtokavian,Middle Serbo-Croat: Štokavian,,,,5,Lechosław Jocz,False,shto1241,7,2,1,0,False,False,,,,,Štokavian,32,0,0,0,0,,,True,True,N,,,,351,1,,,43.8600000000,18.4100000000,False,False,False,
132,xum,Umbrian,Umbrian,,,,5,Matthew Scarborough,False,umbr1253,9,2,0,0,False,False,,,,,,20,2,0,0,0,,Umbrian,True,False,N,,,,2150,75,,,43.3500000000,12.5700000000,False,False,False,"Modern Gubbio, Italy. Find site of the Iguvine Tables which comprise the main bulk of the Umbrian corpus."
231,cnx,MiddleCornish,Middle Cornish,,1000,400,5,Nicholas Williams,False,oldc1252,10,2,2,0,False,False,,,,,,36,0,0,0,0,,,True,False,N,,,,700,100,,,50.1700000000,-5.1000000000,False,False,False,"Set on Glasney College in Penryn, where many of the core surviving texts in Middle Cornish, particularly ‘Miracle plays’, were composed."
236,cym,WelshNorth,Welsh: North,,,,5,Guto Rhys,False,nort2668,10,2,1,0,False,False,,,,,North Wales,51,0,0,0,0,,,False,False,_,,,,,,,,53.0900000000,-3.8000000000,True,False,False,Approximate mid-point of the northern dialect area of Welsh.
128,ave,AvestanYounger,Avestan: Younger,,,,5,Thomas Jügel,False,aves1237,6,3,0,0,False,True,,,,,,10,7,0,0,0,,Avestan,True,False,O,350,2550,0.8,,,,,31.5400000000,53.6300000000,False,False,False,"It is uncertain where Avestan was originally spoken. For further discussion, cf. Humbach, Helmut, Josef Elfenbein & Prods Oktor Skjærvø. 1991. The Gāthās of Zarathushtra and other Old Avestan Texts. Part I: Introduction – Text and Translation Heidelberg: Carl Winter Universitätsverlag"
229,bre,BretonTreger,Breton: Treger,,,,5,Steve Hewitt,False,treg1244,10,2,3,0,False,False,,,,,,22,0,0,0,0,,,False,False,_,,,,,,,,48.7900000000,-3.2300000000,False,False,False,"Set on Tréguier, capital of the historical region of Treger."
140,xtg,Gaulish,Gaulish,"Lexeme determinations are difficult because much of our knowledge of the Gaulish lexicon is through analysis of proper names, including personal names, theonyms, and toponyms. Lexeme determinations have been made in cases where it seems clear that a form did indeed have the relevant meaning synchronically in Gaulish, including cases where this is an inference from proper names. For extensive discussion of the difficulties in determining lexeme meanings in Gaulish, see the introduction to Delamarre's Gaulish lexicon. ",2300,1800,5,Britta Irslinger,False,tran1282,10,1,0,0,False,False,,,,,,20,4,3,0,0,,Gaulish,True,False,N,,,,2050,125,,,45.7000000000,3.1000000000,False,False,False,"Gergovia, stronghold of the Arverni"
172,xbm,MiddleBreton,Middle Breton,,,,5,Britta Irslinger,False,midd1359,10,2,3,0,False,True,,,,,,15,4,2,0,0,,Middle_Breton,True,False,N,,,,450,50,,,48.6900000000,-3.9800000000,False,False,False,"Set on Saint-Paul de Léon, the historical capital of the Léon region."
230,cor,LateCornish,Late Cornish,,400,200,5,Nicholas Williams,False,oldc1252,10,2,2,0,False,False,,,,,,37,0,0,0,0,,,True,False,N,,,,300,50,,,50.0800000000,-5.5400000000,False,False,False,"Set on Mousehole (Porthenys), the most probable location of the last native speakers of Cornish."
239,wlm,MiddleWelsh,Middle Welsh,,850,550,5,Alexander Falileyev,False,,10,2,1,0,False,False,,,,,,45,0,0,0,0,,,True,False,N,,,,650,75,,,52.0000000000,-4.0000000000,False,False,False,
26,frs,Frisian,Frisian,,,,5,Paul Versloot,False,west2354,8,2,2,0,False,False,,,,,"West Frisian, ‘common dialect’.",55,1,1,0,0,,Frisian,False,False,_,,,,,,,,53.1300000000,5.7800000000,False,False,False,"Set roughly at the transition between the main surviving dialects, Klaaifrysk and Wâldfrysk."
110,grc,AncientGreek,Greek: Ancient,"Classical Attic. For phonological description and phonetic reconstruction cf. Allen (1987).  Verb forms listed in 1.sg. present indicative unless otherwise specified.  Nouns listed in nominative singular unless otherwise specified.  Transliterations follow the ALA-LC system, with the addition of accentual diacritics.",,,5,Matthew Scarborough,False,anci1242,3,1,0,0,False,True,,http://www.perseus.tufts.edu/hopper/text?doc=Perseus:text:1999.04.0057:entry=,,,,20,5,0,0,0,,Ancient_Greek,True,False,N,,,,2400,32,,,37.9600000000,23.7300000000,False,False,False,"Site of Classical Athens, the area where the Attic dialect of Ancient Greek originated."
8,hye,ArmenianEastern,Armenian: Eastern,,,,5,Martin Macak,False,nucl1235,4,0,0,0,False,False,,,,,,20,9,3,0,0,,Armenian_Eastern,False,False,_,,,,,,,,40.0000000000,45.0000000000,True,False,False,
286,aae,AlbanianArberesh,Albanian: Arbëresh,,,,5,Borana Lushaj,False,arbe1236,5,0,0,0,False,False,,,,,,40,0,0,0,0,,,False,False,_,,,,,,,,38.9100000000,16.7200000000,False,False,False,
105,san,VedicEarly,Vedic: Early,,,,5,Roland Pooth,False,sans1269,6,1,0,0,False,False,,http://www.sanskrit-lexicon.uni-koeln.de/scans/MWScan/2014/web/webtc/servepdf.php?page=,,,,5,8,0,0,0,,Vedic_Sanskrit,True,False,O,700,3000,0.8,,,,,30.0000000000,75.0000000000,False,False,False,
228,san,VedicLate,Vedic: Late,,,,5,Roland Pooth,False,sans1269,6,1,0,0,False,True,,http://www.sanskrit-lexicon.uni-koeln.de/scans/MWScan/2014/web/webtc/servepdf.php?page=,,,,6,0,0,0,0,,,True,True,N,,,,2750,100,,,30.0000000000,75.0000000000,False,False,False,
201,ell,GreekItaliot,Greek: Italiot,Modern Italiot Greek. Note this list contains both Calabrian and Apulian forms.,,,5,Nikos Liosis,False,apul1236,3,2,0,0,False,False,,,,,,52,0,0,0,0,,Greek_Italiot,False,False,_,,,,,,,,37.9400000000,15.8300000000,False,False,False,"Region of Calabria, one of two main locations along with Apulia where modern Italiot varieties of Hellenic are spoken in present day."
272,asm,Assamese,Assamese,,,,2,Patrycja Markus,False,assa1263,6,1,0,0,False,False,,,,,,25,0,0,0,0,,,False,True,_,,,,,,,,26.0900000000,91.2900000000,False,False,False,
10,ben,Bengali,Bengali,,,,5,Patrycja Markus,False,beng1280,6,1,0,0,False,False,,http://dsalsrv02.uchicago.edu/cgi-bin/app/biswas-bengali_query.py?searchhws=yes&qs=,,,,28,8,0,0,0,,Bengali,False,False,_,,,,,,,,24.0000000000,90.0000000000,False,False,False,
222,bho,Bhojpuri,Bhojpuri,,,,5,Ganesh Gupta,False,bhoj1244,6,1,0,0,False,False,,,,,,43,0,0,0,0,,,False,False,_,,,,,,,,26.4600000000,84.8200000000,False,False,False,
35,hin,Hindi,Hindi,,,,5,Krzysztof Stroński,False,hind1269,6,1,0,0,False,False,,,,,,45,8,0,0,0,,Hindi,False,False,_,,,,,,,,25.0000000000,77.0000000000,True,False,False,
266,pan,Punjabi,Punjabi,,,,5,Liudmila Khokhlova,False,panj1256,6,1,0,0,False,False,,,,,,66,0,0,0,0,,,False,False,_,,,,,,,,34.0400000000,75.6700000000,False,False,False,
40,kas,Kashmiri,Kashmiri,,,,5,Khawaja Rehman,False,kash1277,6,1,0,0,False,False,,,,,,77,8,7,0,0,,Kashmiri,False,False,_,,,,,,,,34.1700000000,74.3300000000,False,False,False,
219,phl,Palula,Palula,,,,5,Henrik Liljegren,False,palu1254,6,1,0,0,False,False,,,,,,80,0,0,0,0,,Palula,False,False,_,,,,,,,,35.5100000000,71.8400000000,False,False,False,
288,gwt,Gawarbati,Gawarbati,,,,5,Henrik Liljegren,False,gawa1247,6,1,0,0,False,False,,,,,,84,0,0,0,0,,,False,False,_,,,,,,,,35.2000000000,71.5400000000,False,False,False,
25,fra,French,French,,,,5,Paul Heggarty,False,stan1290,9,1,1,0,False,False,,http://www.cnrtl.fr/etymologie/,,,"Standard, with lexical usage of north-central France.",63,2,2,0,0,,French,False,False,_,,,,,,,,47.2400000000,0.6900000000,True,False,False,"Set in Tours, traditionally and still widely considered among French-speakers as a region whose (pronunciation) is close(st) to the perceived 'standard' language.  More relevant for IE-CoR is its location within north-central France, where lexical usage generally corresponds most closely to the entries in this IE-CoR data for French."
293,glh,PashaiNorthWest,Pashai: North-West,,,,2,Henrik Liljegren,False,nort2665,6,1,0,0,False,False,,,,,,88,0,0,0,0,,,False,True,_,,,,,,,,34.9600000000,70.0500000000,False,False,False,
284,khw,Khowar,Khowar,,,,5,Asfar Ali Khan and Henrik Liljegren,False,khow1242,6,1,0,,False,False,,,,,,86,0,0,0,0,,,False,False,_,,,,,,,,36.0000000000,72.0000000000,False,False,False,
215,ask,SanuViriWama,Saṇu-viri: Wâmâ,,,,5,Richard Strand,False,suru1257,6,2,0,0,False,False,,,,,,50,0,0,0,0,,Sanu-viriWama,False,False,_,,,,,,,,34.8400000000,70.3700000000,False,False,False,
212,prn,VasiVariPaski,Vâsi-vari: Paṣki,,,,5,Richard Strand,False,lowe1390,6,2,0,0,False,False,,,,,,60,0,0,0,0,,Vasi-variPaski,False,False,_,,,,,,,,35.1700000000,70.8000000000,False,False,False,
287,xco,Khwarazmian,Khwarazmian,,,,5,Adam Benkato,False,khwa1238,6,3,0,0,False,False,,,,,,16,0,0,0,0,,,True,False,N,,,,850,75,,,42.3000000000,59.1500000000,False,False,False,
292,pbu,Pashto,Pashto,,,,5,Muhammad Kamal Khan,False,yusu1238,6,3,0,0,False,False,,,,,Yusufzai,27,0,0,0,0,,,False,False,_,,,,,,,,34.0000000000,71.3300000000,False,False,False,
296,srh,Sarikoli,Sarikoli,,,,5,Deborah Kim and Timothy Palmer,False,sari1246,6,3,0,0,False,False,,,,,,30,0,0,0,0,,,False,False,_,,,,,,,,37.7700000000,75.2300000000,False,False,False,
73,ukr,Ukrainian,Ukrainian,,,,5,Lechosław Jocz,False,ukra1253,7,2,3,0,False,False,,http://sum.in.ua/s/,,,,60,3,1,0,0,,Ukrainian,False,False,_,,,,,,,,50.4500000000,30.5200000000,False,False,False,"Set on Kiev, given the general perception of the Kiev region as one where the 'standard' form of Ukrainian is spoken."
7,hye,ArmenianWestern,Armenian: Western,,,,5,Martin Macak,False,nucl1235,4,0,0,0,False,False,,,,,,30,9,3,0,0,,Armenian_Western,False,False,_,,,,,,,,39.9100000000,41.2800000000,False,False,False,"Set in the town of Erzurum, formerly a major dialect area of Western Armenian."
131,peo,OldPersian,Old Persian,,,,5,Thomas Jügel,False,oldp1254,6,3,0,0,False,False,,,,,,61,7,0,0,0,,Old_Persian,True,False,N,,,,2450,75,,,31.4700000000,49.7100000000,False,False,False,"Site of Anshan in Elam, the original home city of the Achaemenids."
211,pnt,GreekPontic,Greek: Pontic,,,,5,Nikos Liosis,False,pont1253,3,2,0,0,False,False,,,,,,44,0,0,0,0,,Greek_Pontic,False,False,_,,,,,,,,40.8500000000,40.2600000000,False,False,False,"Geographical co-ordinates between Of and Çaykara in Trabazon province, the two regions with the largest numbers of Pontic Greek speakers in Anatolia."
81,xto,TocharianA,Tocharian A,,,,5,Ronald Kim,False,tokh1242,2,0,0,0,False,False,,,,,,10,9,5,0,0,,Tocharian_A,True,False,N,,,,1375,75,,,42.9300000000,89.3600000000,False,False,False,
82,txb,TocharianB,Tocharian B,,,,5,Ronald Kim,False,tokh1243,2,0,0,0,False,True,,,,,,20,9,5,0,0,,Tocharian_B,True,False,N,,,,1350,75,,,42.2300000000,85.6400000000,False,False,False,
119,urd,Urdu,Urdu,,,,5,Krzysztof Stroński,False,urdu1245,6,1,0,0,False,False,,,,,,47,8,0,0,0,,Urdu,False,False,_,,,,,,,,25.0000000000,67.0000000000,False,False,False,
174,kho,Khotanese,Khotanese,"Eastern Middle Iranian of Khotan, Southern Silk Road (now Hotan in China)Written in South Turkestan Brahmi script",,,5,Martin Kümmel,False,khot1251,6,3,0,0,False,False,,,,,,20,7,0,0,0,,Khotanese,True,False,N,,,,1500,125,,,37.0600000000,80.0100000000,False,False,False,
179,xpr,Parthian,Parthian,"Middle Northwestern Iranian language, attested parallel to Middle Persian in Manichaean texts. A very restricted  corpus of older inscriptions from Iran also exist. Early Parthian (or related languages) were the main source for Middle Iranian loanwords in Armenian.Phonologization follows Durkin-Meisterernst 2004, except for <c>,<ž> and <j>, whereI have applied the findings of Korn 2010 (Bulletin of SOAS, 73/3, 415–436), i.e. <c>=<z> = /č/, <j> = /ž/ [ʒ ~ dʒ]",,,5,Martin Kümmel,False,part1239,6,3,0,0,False,False,,,,,,57,7,0,0,0,,Parthian,True,False,N,,,,2100,150,,,34.0000000000,50.0000000000,False,False,False,
208,yai,Yaghnobi,Yaghnobi,,,,1,L'ubomír Novák,False,yagn1238,6,3,0,0,False,False,,,,,,42,0,0,0,0,,Yaghnobi,False,True,_,,,,,,,,39.1500000000,69.2400000000,False,False,False,
54,pes,PersianTehran,Persian: Tehran,,,,5,Arash Zeini,False,west2369,6,3,0,0,False,False,,http://parsi.wiki/dehkhodasearchresult-fa.html?searchtype=0&word=,,,,67,7,0,0,0,,Persian,False,False,_,,,,,,,,35.7000000000,51.4000000000,False,False,False,
277,tks,Tati,Tati,,,,5,Raheleh Izadifar,False,take1255,6,3,0,0,False,False,,,,,,69,0,0,0,0,,,False,False,_,,,,,,,,38.2000000000,48.0000000000,False,False,False,
265,mzn,Mazanderani,Mazanderani,,,,5,Shirin Adibifar and Raheleh Izadifar,False,maza1291,6,3,0,0,False,False,,,,,,72,0,0,0,0,,,False,False,_,,,,,,,,36.2400000000,52.3000000000,False,False,False,
257,bqi,Bakhtiari,Bakhtiari,,,,5,Mortaza Taheri-Ardali and Erik Anonby,False,bakh1245,6,3,0,0,False,False,,,,,,73,0,0,0,0,,,False,False,_,,,,,,,,32.0200000000,49.7700000000,False,False,False,
291,,RajiBarzoki,Raji: Barzoki,,,,5,Mahnaz Talebi and Erik Anonby,False,cent2264,6,3,0,0,False,False,,,,,,74,0,0,0,0,,,False,False,_,,,,,,,,33.7900000000,51.2200000000,False,False,False,
280,fay,Delvari,Delvari,,,,5,Fatemeh Nemati,False,sout2645,6,3,0,0,False,False,,,,,,75,0,0,0,0,,,False,False,_,,,,,,,,33.4500000000,56.8500000000,False,False,False,
279,lrl,Lari,Lari,,,,5,Muhammed Ourang and Erik Anonby,False,lari1253,6,3,0,0,False,False,,,,,,77,0,0,0,0,,,False,False,_,,,,,,,,27.2100000000,53.6600000000,False,False,False,
274,bgn,BalochiSistani,Balochi: Sistani,,,,5,Maryam Nourzaei and Shirin Adibifar,False,west2368,6,3,0,0,False,False,,,,,Sistani Balochi,79,0,0,0,0,,,False,False,_,,,,,,,,30.8900000000,61.6800000000,False,False,False,
242,zum,Kumzari,Kumzari,,,,5,Erik Anonby,False,kumz1235,6,3,0,0,False,False,,,,,,80,0,0,0,0,,,False,False,_,,,,,,,,26.1600000000,56.4200000000,False,False,False,
118,kmr,Kurmanji,Kurdish N.: Bahdini,Northern Kurdish (Kurmanji),,,5,Baydaa Mustafa and Geoffrey Haig,False,nort2641,6,3,0,0,False,False,,,,,,81,7,0,0,0,,Kurdish,False,False,_,,,,,,,,37.0000000000,43.0000000000,False,False,False,
273,ckb,KurdishJafi,Kurdish C.: Jafi,,,,5,"Masoud Mohammadirad, Raheleh Izadifar, and Geoffrey Haig",False,cent1972,6,3,0,0,False,False,,,,,Jafi dialect of Javanrud,83,0,0,0,0,,,False,False,_,,,,,,,,35.6500000000,45.8100000000,False,False,False,
177,grc,NTGreek,Greek: New Testament,Strictly confined to the variety of Roman-period koiné Greek that is attested in the New Testament corpus.  Other varieties of Jewish koiné Greek (e.g. in the Septuagint translation of the Hebrew scriptures) are not included.,,,5,Matthew Scarborough,False,koin1234,3,1,0,0,False,False,,http://www.perseus.tufts.edu/hopper/text?doc=Perseus:text:1999.04.0057:entry=,,,,30,5,0,0,0,,NT_Greek,True,False,N,,,,1900,20,,,31.7700000000,35.2100000000,False,False,False,Site of Jerusalem in Roman Palestine.
134,xlc,Lycian,Lycian,,,,5,Matilde Serangeli,False,lyci1241,1,0,0,0,False,False,,,,,,30,6,0,0,0,,Lycian,True,True,N,,,,2350,50,,,36.5600000000,29.8400000000,False,False,False,
152,tsd,TsakonianPeloponnese,Tsakonian: Peloponnese,"Last living relic of Doric, spoken in Kastanitsa, Sitena, Prastos, Leonidi, Pramatefti, Sapounakeika, Tyros, and Melana towns, possibly Korakovunio; Peloponnesos east coast.",,,5,Nikos Liosis,False,tsak1248,3,2,0,0,False,False,,,,,,60,5,0,0,0,,Tsakonian_Peloponnese,False,False,_,,,,,,,,37.1400000000,22.7300000000,False,False,False,
65,sin,Sinhalese,Sinhalese,,,,5,Roland Pooth,False,sinh1246,6,1,0,0,False,False,,http://dsalsrv02.uchicago.edu/cgi-bin/philologic/search3advanced?dbname=carter&matchtype=exact&query=,,,,20,8,0,0,0,,Sinhalese,False,False,_,,,,,,,,8.0000000000,81.0000000000,False,False,False,
50,mar,Marathi,Marathi,,,,5,Mandar Purandare and Krzysztof Stroński,False,mara1378,6,1,0,0,False,False,,,,,,75,8,0,0,0,,Marathi,False,False,_,,,,,,,,17.9300000000,76.6700000000,False,False,False,
216,wbk,KalasaAlaNiseigram,Kalaṣa-alâ: Nišeigrâm,,,,5,Richard Strand,False,chim1297,6,2,0,0,False,False,,,,,,30,0,0,0,0,,Kalasa-alaNiseigram,False,False,_,,,,,,,,35.0400000000,70.9800000000,False,False,False,
271,sog,Sogdian,Sogdian,,,,5,Nicholas Sims-Williams,False,sogd1245,6,3,0,0,False,False,,,,,,17,0,0,0,0,,,True,False,N,,,,1150,25,,,39.7000000000,66.9800000000,False,False,False,
285,sdh,KurdishElami,Kurdish S: Elami,,,,5,Mojtaba Gheitasi and Erik Anonby,False,sout2640,6,3,0,0,False,False,,,,,Elami,84,0,0,0,0,,,False,False,_,,,,,,,,33.6400000000,46.4300000000,False,False,False,
143,sqi,AlbanianStandard,Albanian: Standard,"Adjectives are cited with the accompanying (sort of) article: i for masculine and e for feminine. Nouns are cited in their indefinite forms. Due to a lack of infinitive, verbs are cited in the 1st person singular active indicative.",,,5,Michiel de Vaan,False,alba1267,5,0,0,0,False,True,,,,,,30,9,1,0,0,,Albanian_Standard,False,False,_,,,,,,,,40.5700000000,20.1800000000,False,False,False,"Set roughly in the centre of the Tosk dialect area, in the Berat region of Albania."
32,ell,Greek,Greek: Modern Std,"Contemporary Standard Modern Greek.  Transliterations follow ISO 843 TL. For phonological interpretation cf. Holton, Mackridge, and Philippaki-Warburton (2012)",,,5,Matthew Scarborough,False,mode1248,3,2,0,0,False,False,,http://www.greek-language.gr/greekLang/modern_greek/tools/lexica/triantafyllides/search.html?lq=,,,,40,5,0,0,0,,Greek,False,False,_,,,,,,,,37.9800000000,23.7300000000,False,False,False,"Athens, the capital city of the present day Hellenic Republic."
162,pli,Pali,Pali,,,,5,Martin Kümmel,False,pali1273,6,1,0,0,False,False,,http://dsalsrv02.uchicago.edu/cgi-bin/philologic/search3advanced?dbname=pali&searchdomain=headwords&matchtype=start&display=utf8&query=,,,,15,8,0,0,0,,Pali,True,False,N,,,,2450,75,,,24.0000000000,82.0000000000,False,False,False,"It is difficult to give an exact original location for Pāli, but the location as given is set to reflect the dominant Western MIA characteristics of Pāli, before the Theravadin canon was brought to Sri Lanka in the time of Aśoka in the 3rd c. BCE. For further discussion cf. Norman, K. R. 2002. ""Pāli and the languages of early Buddhism"" In Indo-Iranian Languages and Peoples, ed. by N. Sims-Williams, 135-50. Oxford: Oxford University Press."
133,xlu,Luvian,Luvian,Composite list of Cuneiform Luvian (xlu) and Hieroglyphic Luvian (hlu). Cuneiform Luvian and Hieroglyphic Luvian data are indicated respectively as (CL) and (HL) in the Native Script data.,,,5,Matilde Serangeli,False,cune1239,1,0,0,0,False,False,,,,,,20,6,0,0,0,,Luvian,True,False,N,,,,3350,75,,,38.5000000000,35.4000000000,False,False,False,
188,tsd,TsakonianPropontis,Tsakonian: Propontis,Extinct variety of Tsakonian formerly spoken in the Propontis region of Asia Minor.,,,5,Nikos Liosis,False,prop1240,3,2,0,0,False,False,,,,,,65,0,0,0,0,,Tsakonian_Propontis,True,False,N,,,,40,10,,,40.1800000000,27.4200000000,False,False,False,"Cf. Tsakonian dialect map in Liosis, Nikos. 2016. ""Tsakonian Studies: The State-of-the-Art"" Μελέτες για την ελληνική γλώσσα [Studies in Greek Linguistics] 36 : 205-17."
145,ovd,Elfdalian,Elfdalian,,,,5,Lars Steensland,False,elfd1234,8,2,1,0,False,False,,,,,,40,1,2,0,0,,Elfdalian,False,False,_,,,,,,,,61.2300000000,14.0300000000,False,False,False,Set in the town of Älvdalen (Övdaln).
111,mai,Maithili,Maithili,,,,5,Ganesh Gupta,False,mait1250,6,1,0,0,False,False,,,,,,36,8,0,0,0,,Maithili,False,False,_,,,,,,,,26.3800000000,86.2200000000,False,False,False,
141,bsh,KataVariEastern,Kâta-vari: Eastern,Kati is also called Bashgali or Kamkata-vari.,,,5,Richard Strand,False,east2308,6,2,0,0,False,False,,,,,Eastern dialect of Kâta-vari. ,20,8,8,0,0,,Kata-viriEastern,False,False,_,,,,,,,,35.7100000000,71.3400000000,False,False,False,Approximate geographical mid-point of the eastern region where Kâta-vari is spoken.
51,nep,Nepali,Nepali,,,,5,Krzysztof Stroński,False,east1436,6,1,0,0,False,False,,,,,,55,8,0,0,0,,Nepali,False,False,_,,,,,,,,27.5900000000,87.6200000000,False,False,False,
144,mag,Magahi,Magahi,"Magahi is spoken mainly in Bihar and Jharkhand, along with some parts of West Bengal and Orissa. The data for this work was collected from the variety of Magahi spoken in and around the capital city of Patna, Jehanabad and Gaya.Although linguistically Magahi is different from Hindi (it does not even belong to same sub-family,as is clear from the Grierson's classification), the Indian government classifies Magahi as a dialect of Hindi. Despite this attitude, a large population (counting up to 13,978,565 according to the Census of India, 2001) residing in villages and small towns still speak and use the language astheir medium of communication and information-sharing (Alok et al 2011).",,,5,Ganesh Gupta,False,maga1260,6,1,0,0,False,False,,,,,,39,8,0,0,0,,Magahi,False,False,_,,,,,,,,25.0900000000,85.3300000000,False,False,False,
282,hac,Hawrami,Hawrami,,,,5,Parvin Mahmoudveysi,False,hawr1243,6,3,0,0,False,False,,,,,,85,0,0,0,0,,,False,False,_,,,,,,,,35.0400000000,46.4500000000,False,False,False,
108,prg,OldPrussian,Old Prussian,,,,5,Tijmen Pronk,False,prus1238,7,1,1,0,False,False,,,,,,0,3,8,0,0,,Old_Prussian,True,False,N,,,,500,50,,,54.0900000000,19.8900000000,False,False,False,
44,lav,Latvian,Latvian,,,,5,Tijmen Pronk,False,latv1249,7,1,2,0,False,False,,http://www.tezaurs.lv/#/sv/,,,,10,3,8,0,0,,Latvian,False,False,_,,,,,,,,56.8300000000,24.3100000000,True,False,False,
15,bul,Bulgarian,Bulgarian,,,,5,Lechosław Jocz,False,bulg1262,7,2,1,0,False,False,,https://rechnik.chitanka.info/w/,,,Sofia dialect,20,3,3,0,0,,Bulgarian,False,False,_,,,,,,,,43.3600000000,25.0500000000,False,False,False,
190,ltg,Latgalian,Latgalian,,,,5,Tijmen Pronk,False,east2282,7,1,2,0,False,False,,,,,,15,0,0,0,0,,Latgalian,False,False,_,,,,,,,,56.0000000000,26.0000000000,False,False,False,
46,lit,Lithuanian,Lithuanian,,,,5,Tijmen Pronk,False,lith1251,7,1,2,0,False,True,,http://etimologija.baltnexus.lt/?w=,,,,20,3,8,0,0,,Lithuanian,False,False,_,,,,,,,,55.1400000000,23.9600000000,False,False,False,
126,goh,OldHighGerman_Legacy,Old_High_German_Legacy,9th century East Franconian,,,5,Tonya Dewey,False,oldh1241,8,2,2,0,False,False,,,,,,16,1,1,0,0,,Old_High_German,True,True,N,,,,1050,50,,,50.0000000000,10.0000000000,False,False,False,
100,chu,OldChurchSlavonic,Old Church Slavonic,,,,5,Lechosław Jocz,False,chur1257,7,2,1,0,False,True,,,,,,10,3,3,0,0,,Old_Church_Slavonic,True,False,N,,,,1000,50,,,41.0500000000,23.5700000000,False,False,False,
213,bsh,KataVariKtivi,Kâta-vari: Ktivi,,,,5,Richard Strand,False,west2372,6,2,0,0,False,False,,,,,"Western dialect of Kâta-vari, as spoken in the Kt'ivi Valley of central Nuristân.",25,0,0,0,0,,Kata-variKtivi,False,False,_,,,,,,,,35.4200000000,70.3300000000,False,False,False,Approximate geographical mid-point of the western region where Kâta-vari is spoken.
27,deu,German,German,"'Hochdeutsch' standard German, particularly as spoken in (north-central) Germany.",,,5,Cassandra Freiberg,False,stan1295,8,2,2,0,False,False,,,,,"'Hochdeutsch' standard, in (north-central) Germany.",20,1,1,0,0,,German,False,False,_,,,,,,,,52.3700000000,9.7200000000,False,False,False,"Set in Hannover.  Although without particular linguistic merit, Hannover is at least widely considered among German-speakers as a region whose (pronunciation) is close(st) to the perceived 'standard' language.  More relevant for IE-CoR is simply that Hannover is in a fairly central location within northern Germany, where lexical usage generally corresponds most closely to the lexeme determinations in the IE-CoR data for German."
20,dan,Danish,Danish,,,,5,Tonya Dewey,False,dani1285,8,2,1,0,False,False,,http://ordnet.dk/ddo/ordbog?query=,,,"Standard Danish, as spoken around Copenhagen.",70,1,2,0,0,,Danish,False,False,_,,,,,,,,55.6800000000,12.5700000000,False,False,False,"Set in Copenhagen, generally considered the region closest to the perceived 'standard' form of Danish."
112,lat,Latin,Latin,Classical Latin (Literary Standard of the Roman Late Republic/Early Imperial Period). Verb forms given in the present infinitive otherwise specified.  Nouns given in nominative singular unless otherwise specified.,,,5,Matthew Scarborough,False,lati1261,9,1,0,0,False,True,,http://www.perseus.tufts.edu/hopper/text?doc=Perseus%3Atext%3A1999.04.0059%3Aentry%3D,,,Classical Latin,10,2,0,0,0,,Latin,True,False,N,,,,2050,75,,,41.8900000000,12.4800000000,False,False,False,Set in Rome.  
290,gwc,Gawri,Gawri,,,,3,Muhammad Zaman Sagar and Henrik Liljegren,False,kala1373,6,1,0,0,False,False,,,,,,82,0,0,0,0,,,False,True,_,,,,,,,,35.5300000000,72.5700000000,False,False,False,
92,mkd,Macedonian,Macedonian,,,,5,Lechosław Jocz,False,mace1250,7,2,1,0,False,False,,http://makedonski.info/search/#,,,,25,3,3,0,0,,Macedonian,False,False,_,,,,,,,,41.6000000000,21.7900000000,False,False,False,
95,hrv,SerboCroatian,Serbo-Croat,,,,5,Lechosław Jocz,False,croa1245,7,2,1,0,False,False,,http://hjp.znanje.hr/index.php?show=search_by_id&id=,,,,30,3,3,0,0,,Serbo-Croatian,False,False,_,,,,,,,,43.6700000000,20.6900000000,False,False,False,
251,hbs,MiddleSerboCroatChakavian,Middle Serbo-Croat: Čakavian,,,,5,Lechosław Jocz,False,chak1265,7,2,1,0,False,False,,,,,Čakavian,34,0,0,0,0,,,True,True,N,,,,405,1,,,45.1100000000,14.0000000000,False,False,False,
259,slv,SloveneHistorical,Slovenian: Early Modern,,,,5,Lechosław Jocz,False,slov1268,7,2,1,0,False,False,,,,,,38,0,0,0,0,,,True,False,N,,,,305,15,,,46.2500000000,14.7800000000,False,False,False,
253,mkd,MacedonianVisoka,Macedonian: Visoka,,,,5,Lechosław Jocz,False,mace1250,7,2,1,0,False,False,,,,,Visoka,27,0,0,0,0,,,False,False,_,,,,,,,,40.8300000000,23.2000000000,False,False,False,Set on the village of Visoka/Osa in the Thessaloniki region of Greece.
97,slv,Slovenian,Slovenian,,,,5,Lechosław Jocz,False,slov1268,7,2,1,0,False,False,,http://www.fran.si/193/marko-snoj-slovenski-etimoloski-slovar/,,,,40,3,3,0,0,,Slovenian,False,False,_,,,,,,,,46.2500000000,14.7800000000,False,False,False,
238,pol,OldPolish,Old Polish,,,,5,Lechosław Jocz,False,poli1260,7,2,2,0,False,False,,,,,,70,0,0,0,0,,,True,False,N,,,,600,50,,,51.8400000000,18.6300000000,False,False,False,
55,pol,Polish,Polish,,,,5,Lechosław Jocz,False,poli1260,7,2,2,0,False,False,,http://sjp.pwn.pl/szukaj/,,,,71,3,2,0,0,,Polish,False,False,_,,,,,,,,51.8400000000,18.6300000000,True,False,False,
175,csb,Kashubian,Kashubian,,,,5,Lechosław Jocz,False,kash1274,7,2,2,0,False,False,,,,,,75,3,2,0,0,,Kashubian,False,False,_,,,,,,,,54.3000000000,18.6200000000,False,False,False,
66,slk,Slovak,Slovak,,,,5,Lechosław Jocz,False,slov1269,7,2,2,0,False,False,,http://slovnik.azet.sk/pravopis/?q=,,,,80,3,2,0,0,,Slovak,False,False,_,,,,,,,,48.5500000000,18.7800000000,False,False,False,
243,ces,OldCzech,Old Czech,,,,5,Lechosław Jocz,False,czec1258,7,2,2,0,False,False,,,,,,84,0,0,0,0,,,True,False,N,,,,656,31,,,50.5300000000,14.1300000000,False,False,False,
18,ces,Czech,Czech,,,,5,Lechosław Jocz,False,czec1258,7,2,2,0,False,False,,http://ssjc.ujc.cas.cz/search.php?hledej=Hledat&hsubstr=no&heslo=,,,,85,3,2,0,0,,Czech,False,False,_,,,,,,,,49.8700000000,15.1000000000,False,False,False,
99,ang,OldEnglishLegacy,Old_English_Legacy,Late West Saxon Old English,,,5,Martin Findell,False,olde1238,8,2,2,1,False,False,,,,,,61,1,1,0,0,,Old_English,True,True,N,,,,1050,50,,,51.0600000000,-1.3300000000,False,False,False,
48,hsb,SorbianUpper,Sorbian: Upper,,,,5,Lechosław Jocz,False,uppe1395,7,2,2,0,False,False,,,,,,90,3,2,0,0,,Sorbian_Upper,False,False,_,,,,,,,,51.2400000000,14.4100000000,False,False,False,
47,dsb,SorbianLower,Sorbian: Lower,,,,5,Lechosław Jocz,False,lowe1385,7,2,2,0,False,False,,http://www.dolnoserbski.de/ndw/pokaz/Starosta/,,,,95,3,2,0,0,,Sorbian_Lower,False,False,_,,,,,,,,51.6600000000,13.9400000000,False,False,False,
245,orv,OldNovgorod,Old Novgorod,,,,5,Lechosław Jocz,False,oldr1238,7,2,3,0,False,False,,,,,,48,0,0,0,0,,,True,False,N,,,,795,107,,,58.5500000000,31.2700000000,False,False,False,
195,ell,GreekCypriot,Greek: Cypriot,,,,5,Charalambos Christodoulou,False,cypr1249,3,2,0,0,False,False,,,,,,49,0,0,0,0,,Greek_Cypriot,False,False,_,,,,,,,,35.0000000000,33.0000000000,False,False,False,Approximate centre of the Greek Cypriot administered region of Cyprus.
210,cpg,GreekCappodocian,Greek: Cappadocian,,,,5,Nikos Liosis,False,capp1239,3,2,0,0,False,False,,,,,,42,0,0,0,0,,Greek_Cappodocian,False,False,_,,,,,,,,38.7300000000,35.4500000000,False,False,False,Area roughly corresponding to location of villages where present day Cappadocian Greek dialects are spoken.
214,xvi,Kamviri,Kâmviri,,,,5,Richard Strand,False,kamv1242,6,2,0,0,False,False,,,,,,10,0,0,0,0,,Kamviri,False,False,_,,,,,,,,35.0400000000,71.2900000000,True,False,False,
302,non,OldIcelandic,Old Icelandic,,,,5,Matthew Boutilier,False,oldn1244,8,2,1,0,False,False,,,,,,15,0,0,0,0,,,True,False,N,,,,800,15,,,64.2600000000,-21.1200000000,False,False,False,"Set at Þingvellir. the venue of the Alþingi, Iceland's historical parliament."
250,kjv,MiddleSerboCroatKajkavian,Middle Serbo-Croat: Kajkavian,,,,5,Lechosław Jocz,False,kajk1237,7,2,1,0,False,False,,,,,Kajkavian,36,0,0,0,0,,,True,True,N,,,,330,1,,,45.6500000000,16.1300000000,False,False,False,
278,xbc,Bactrian,Bactrian,,,,5,Nicholas Sims-Williams,False,bact1239,6,3,0,0,False,False,,,,,,55,0,0,0,0,,,True,False,N,,,,1400,25,,,36.7500000000,66.9000000000,False,False,False,
220,frp,FrancoProvencal,Franco-Provençal,"Franco-Provençal (‘Arpitan’) refers to the Alpine varieties of Romance spoken in parts of Switzerland (Suisse Romande), Italy (Val d’Aosta) and France (Savoy).  Not to be confused with Provençal, spoken in the Provence region of south-eastern France.  ",,,5,Jérémie Delorme,False,fran1269,9,1,1,0,False,False,,,,,,70,0,0,0,0,,,False,False,_,,,,,,,,45.9200000000,7.0500000000,False,False,False,"Set at the meeting point of the borders of Switzerland (Suisse Romande), Italy (Val d'Aosta) and France (Savoy), the regions of all three countries where Franco-Provençal is spoken. "
260,slv,SloveneKostel,Slovenian: Kostel,,,,5,Lechosław Jocz,False,lowe1384,7,2,1,0,False,False,,http://www.fran.si/197/joze-gregoric-kostelski-slovar/,,,,42,0,0,0,0,,,False,False,_,,,,,,,,45.5100000000,14.9100000000,False,False,False,
60,rus,Russian,Russian,,,,5,Lechosław Jocz,False,russ1263,7,2,3,0,False,False,,http://gramota.ru/slovari/dic/?all=x&word=,,,,50,3,1,0,0,,Russian,False,False,_,,,,,,,,56.0000000000,38.0000000000,True,False,False,
16,bel,Belarusian,Belarusian,,,,5,Lechosław Jocz,False,bela1254,7,2,3,0,False,False,,http://www.slounik.org/search?search=,,,,55,3,1,0,0,,Belarusian,False,False,_,,,,,,,,53.2300000000,25.6000000000,False,False,False,
249,rue,Rusyn,Rusyn,,,,5,Lechosław Jocz,False,rusy1239,7,2,3,0,False,False,,,,,,63,0,0,0,0,,,False,False,_,,,,,,,,48.7200000000,22.9600000000,False,False,False,
36,isl,Icelandic,Icelandic,,,,5,Tonya Dewey,False,icel1247,8,2,1,0,False,False,,,,,,20,1,2,0,0,,Icelandic,False,False,_,,,,,,,,63.4800000000,-19.0200000000,False,False,False,
23,fao,Faroese,Faroese,,,,5,Tonya Dewey,False,faro1244,8,2,1,0,False,False,,http://sleipnir.fo/obg/fob/fob.php?button_leita=&action=1&pageno=0&leitord=,,,,25,1,2,0,0,,Faroese,False,False,_,,,,,,,,62.0700000000,-6.8800000000,False,False,False,
58,nob,NorwegianBokmal,Norwegian: Bokmål,,,,5,Steve Pepper,False,norw1259,8,2,1,0,False,False,,,,,,30,1,2,0,0,,Norwegian_Riksmal,False,False,_,,,,,,,,59.8700000000,10.6700000000,False,False,False,
304,nno,NorwegianNynorsk,Norwegian: Nynorsk,,,,3,Unn Røyneland,False,norw1262,8,2,1,0,False,False,,,,,,32,0,0,0,0,,,False,True,_,,,,,,,,61.1800000000,6.5900000000,False,False,False,
157,swe,OldSwedish,Old Swedish,,,,5,Tonya Dewey,False,swed1254,8,2,1,0,False,False,,,,,,50,1,2,0,0,,Old_Swedish,True,False,N,,,,650,75,,,60.5000000000,15.5000000000,False,False,False,
173,gmy,MycenaeanGreek,Greek: Mycenaean,Mycenaean Greek from Linear B sources.,,,5,Matthew Scarborough,False,myce1241,3,1,0,0,False,False,,,,,,10,5,0,0,0,,Mycenaean_Greek,True,False,N,,,,3350,55,,,37.7300000000,22.7500000000,False,False,False,"Archaeological Site of Mycenae. Other major archive centres were Knossos, Pylos, Tiryns, and Thebes."
114,,ProtoIndoEuropean,Proto-Indo-European,,,,3,,False,indo1319,0,0,0,0,False,True,,,,,,0,0,0,0,0,,Proto-Indo-European,False,True,_,,,,,,,,,,False,False,False,
217,trm,TregamiGambir,Tregâmî: Gambir,,,,3,Richard Strand,False,treg1243,6,2,0,0,False,False,,,,,,40,0,0,0,0,,TregamiGambir,False,True,_,,,,,,,,,,False,False,False,
38,gle,GaelicIrish,Gaelic: Irish,Modern standard as interpreted by a Galway speaker,,,5,Cormac Anderson,False,iris1253,10,3,0,0,False,False,,http://www.teanglann.ie/ga/fgb/,,,Modern standard,40,4,1,0,0,,Irish,False,False,_,,,,,,,,53.2100000000,-8.5000000000,False,False,False,South Galway provenance of primary coder
22,eng,English,English,,,,5,Martin Findell & Paul Heggarty,False,stan1293,8,2,2,1,False,False,,http://www.oed.com/view/Entry/,,,"British English, in majority usage in England.",70,1,1,0,0,,English,False,False,_,,,,,,,,51.7500000000,-1.2600000000,False,False,False,Oxford
80,hit,Hittite,Hittite,,,,5,Matilde Serangeli,False,hitt1242,1,0,0,0,False,True,,,,,,10,6,0,0,0,,Hittite,True,False,N,,,,3450,125,,,40.0100000000,34.6200000000,False,False,False,Site of Boğhazkale (Boğhazköy) identified with the Hittite capital Ḫattuša.
3,aln,AlbanianGheg,Albanian: Gheg,,,,5,Ulrich Geupel,False,gheg1238,5,0,0,0,False,False,,,,,,20,9,1,0,0,,Albanian_Gheg,False,False,_,,,,,,,,41.8800000000,20.5900000000,False,False,False,"Set at the intersection of the borders of the three main areas where Gheg varieties are spoken, i.e. (northern) Albania, Kosovo and North Macedonia"
261,osx,OldSaxonLegacy,Old_Saxon_Legacy,,,,5,Tonya Dewey,False,olds1250,8,2,2,0,False,False,,,,,,11,0,0,0,0,,,True,True,N,,,,1100,25,,,51.3900000000,7.0000000000,False,False,False,
109,non,OldNorse,Old Norse,,,,5,Tonya Dewey,True,oldn1244,8,2,1,0,False,True,,http://web.ff.cuni.cz/cgi-bin/uaa_slovnik/gmc_search_v3?cmd=formquery2&query=,,,,10,1,2,0,0,,Old_Norse,True,True,N,,,,775,75,,,65.3300000000,-19.5300000000,False,False,False,
107,got,GothicLegacy,Gothic_Legacy,,,,5,Tonya Dewey,False,goth1244,8,1,0,0,False,False,,http://www.wulfila.be/lib/streitberg/1910/html/B,,,,10,1,3,0,0,,Gothic,True,True,N,,,,1630,10,,,44.1000000000,21.7000000000,False,False,False,
303,got,Gothic,Gothic,,,,5,Matthew Boutilier,False,goth1244,8,1,0,0,False,False,,,,,The text of the Gothic Bible as translated by Wulfila.,0,0,0,0,0,,,True,False,N,,,,1630,10,,,43.2200000000,25.6100000000,False,False,False,"Nicopolis ad Istrum. Although original to northern Europe, by the date at which Gothic language was first written down, in the form of Wulfila's translation of the Bible into Gothic, Wulfila and his Gothic-speaking followers were settled in the Roman province of Moesia, around Nicopolis ad Istrum (near Veliko Tarnovo in north-central Bulgaria) "
125,oss,OsseticDigor,Ossetic: Digor,,,,5,Oleg Belyaev,False,digo1242,6,3,0,0,False,False,,,,,Digor,99,7,0,0,0,,Ossetic_Digor,False,False,_,,,,,,,,41.7900000000,43.2700000000,False,False,False,
129,xcl,ClassicalArmenian,Armenian: Classical,,,,5,Martin Macak,False,clas1249,4,0,0,0,False,True,,,,,,10,9,3,0,0,,Classical_Armenian,True,False,N,,,,1550,25,,,40.1400000000,45.0800000000,False,False,False,
130,osc,Oscan,Oscan,,,,5,Matthew Scarborough,False,osca1245,9,2,0,0,False,False,,,,,,10,2,0,0,0,,Oscan,True,False,N,,,,2200,75,,,40.8600000000,15.6500000000,False,False,False,South Central Italy. Approximate centre of Oscan speaking areas prior to the historical spread of Latin.
298,ang,OldEnglish,Old English,,,,5,Matthew Boutilier,False,olde1238,8,2,2,1,False,False,,,,,West Saxon dialect of Old English,60,0,0,0,0,,,True,False,N,,,,1050,50,,,51.0600000000,-1.3300000000,False,False,False,"Winchester, as the reference point for the best documented dialect of Old English, sometimes even referred to as the ""Winchester standard""."
69,swe,Swedish,Swedish,,,,5,Harald Hammarström,False,swed1254,8,2,1,0,False,False,,http://www.saob.se/artikel/?seek=,,,,54,1,2,0,0,,Swedish,False,False,_,,,,,,,,59.8000000000,17.3900000000,True,False,False,
297,osx,OldSaxon,Old Saxon,,,,5,Matthew Boutilier,False,olds1250,8,2,2,0,False,False,,,,,,10,0,0,0,0,,,True,False,N,,,,1175,15,,,53.1000000000,9.5000000000,False,False,False,
295,goh,OldHighGerman,Old High German,,,,5,Matthew Boutilier,False,oldh1241,8,2,2,0,False,True,,,,,,15,0,0,0,0,,,True,False,N,,,,1170,5,,,50.3000000000,9.7000000000,False,False,False,
299,gmh,MiddleHighGerman,Middle High German,,,,5,Matthew Boutilier,False,midd1343,8,2,2,0,False,False,,,,,,17,0,0,0,0,,,True,False,N,,,,750,25,,,50.1000000000,9.4000000000,False,False,False,
120,ltz,Luxembourgish,Luxembourgish,,,,5,Sam Mersch,False,luxe1241,8,2,2,0,False,False,,,,,,27,1,1,0,0,,Luxembourgish,False,False,_,,,,,,,,49.6800000000,6.1500000000,False,False,False,
263,gsw,GermanBernese,German: Bernese,,,,5,Manuel Widmer,False,swis1247,8,2,2,0,False,False,,,,,,33,0,0,0,0,,,False,False,_,,,,,,,,46.9500000000,7.4200000000,False,False,False,
300,dum,MiddleDutch,Middle Dutch,,,,5,Matthew Boutilier,False,midd1321,8,2,2,0,False,False,,,,,,38,0,0,0,0,,,True,False,N,,,,800,15,,,51.4500000000,5.0000000000,False,False,False,
21,nld,Dutch,Dutch,,,,5,Annemarie Verkerk,False,dutc1256,8,2,2,0,False,False,,http://www.etymologiebank.nl/trefwoord/,,,,40,1,1,0,0,,Dutch,False,False,_,,,,,,,,52.0000000000,5.0000000000,False,False,False,
24,vls,Flemish,Flemish,,,,5,Tonya Dewey,False,vlaa1240,8,2,2,0,False,False,,,,,,44,1,1,0,0,,Flemish,False,False,_,,,,,,,,51.0800000000,3.1100000000,False,False,False,
301,ofs,OldFrisian,Old Frisian,,,,5,Matthew Boutilier,False,oldf1241,8,2,2,0,False,False,,,,,,50,0,0,0,0,,,True,True,N,,,,625,35,,,53.1300000000,6.0000000000,False,False,False,
281,ruq,MeglenoRomanian,Megleno-Romanian,,,,5,Petar Atanasov,False,megl1237,9,1,1,0,False,False,,,,,,25,0,0,0,0,,,False,False,_,,,,,,,,41.1200000000,22.3800000000,False,False,False,
207,dlm,Dalmatian,Dalmatian,,,,5,Nikola Vuletić,False,dalm1243,9,1,1,0,False,False,,,,,,29,0,0,0,0,,Dalmatian,True,False,N,,,,130,15,,,42.7100000000,18.0200000000,False,False,False,
189,nap,Neapolitan,Neapolitan,,,,5,Giovanni Abete,False,neap1235,9,1,1,0,False,False,,,,,,33,0,0,0,0,,Neapolitan,False,False,_,,,,,,,,40.8500000000,14.2500000000,False,False,False,
122,fur,Friulian,Friulian,,,,5,Giorgio Cadorini,False,friu1240,9,1,1,0,False,False,,http://claap.org/definizion/?diz=fur-it&leme=,,,,41,2,3,0,0,,Friulian,False,False,_,,,,,,,,46.1500000000,13.0500000000,False,False,False,
42,lld,Ladin,Ladin,,,,5,Paul Videsott,False,ladi1250,9,1,1,0,False,False,,,,,,43,2,3,0,0,,Ladin,False,False,_,,,,,,,,46.6100000000,11.9000000000,False,False,False,
63,src,SardinianNuoro,Sardinian: Nuoro,Nuorese (Bitti) dialect (a conservative variety of Logudorese),,,5,Simone Loi,False,logu1236,9,1,1,0,False,False,,,,,,55,2,4,0,0,,Sardinian_Nuoro,False,False,_,,,,,,,,40.4900000000,9.1000000000,False,False,False,
62,src,SardinianLogudoro,Sardinian: Logudoro,Logudorese dialect,,,5,Simone Loi,False,logu1236,9,1,1,0,False,False,,,,,,57,2,4,0,0,,Sardinian_Logudoro,False,False,_,,,,,,,,40.4900000000,9.1000000000,False,False,False,
209,fro,OldFrench,Old French,,1158,650,5,Sabine Tittel,False,oldf1239,9,1,1,0,False,False,,,,,,60,0,0,0,0,,Old_French,True,False,N,,,,900,150,,,48.8500000000,2.3500000000,False,False,False,
203,xno,AngloNorman,Anglo-Norman,,,,5,Heather Pagan,False,angl1258,9,1,1,0,False,False,,http://www.anglo-norman.net/D/,,,,61,0,0,0,0,,Anglo-Norman,True,False,N,,,,700,50,,,51.3800000000,-0.6000000000,False,False,False,
76,wln,Walloon,Walloon,,,,5,Esther Baiwir,False,wall1255,9,1,1,0,False,False,,http://gallica.bnf.fr/ark:/12148/bpt6k50663j/,,,,65,2,2,0,0,,Walloon,False,False,_,,,,,,,,50.2200000000,5.1500000000,False,False,False,
283,pro,OldOccitan,Old Occitan,,,,5,Lisa Bevevino,False,oldp1253,9,1,1,0,False,False,,,,,,68,0,0,0,0,,,True,True,N,,,,700,50,,,44.1400000000,6.8300000000,False,False,False,
289,cat,OldCatalan,Old Catalan,,,,5,Maria-Reina Bastardas,False,,9,1,1,0,False,False,,,,,,72,0,0,0,0,,,True,False,N,,,,750,25,,,41.3800000000,2.1700000000,False,False,False,
17,cat,Catalan,Catalan,,,,5,Kim Schulte,False,stan1289,9,1,1,0,False,False,,,,,,75,2,1,0,0,,Catalan,False,False,_,,,,,,,,41.3800000000,2.1200000000,False,False,False,
204,osp,OldSpanish,Old Spanish,,,,5,Stephen Dworkin,False,olds1249,9,1,1,0,False,False,,,,,,80,0,0,0,0,,Old_Spanish,True,False,N,,,,750,75,,,39.8600000000,-4.0200000000,False,False,False,
68,spa,Spanish,Spanish,,,,5,Kim Schulte,False,stan1288,9,1,1,0,False,False,,http://dle.rae.es/?,,,,84,2,1,0,0,,Spanish,False,False,_,,,,,,,,40.4500000000,-3.6900000000,True,False,False,
56,por,Portuguese,Portuguese,,,,5,Kim Schulte,False,port1283,9,1,1,0,False,False,,,,,,94,2,1,0,0,,Portuguese,False,False,_,,,,,,,,39.9100000000,-8.1000000000,False,False,False,
305,por,BrazilianPortuguese,Brazilian Portuguese,,,,4,Tiago Tresoldi,False,braz1246,9,1,1,0,False,False,,,,,,96,0,0,0,0,,,False,True,_,,,,,,,,-22.9500000000,-43.2100000000,False,False,False,
59,ron,Romanian,Romanian,,,,5,Kim Schulte,False,roma1327,9,1,1,0,False,False,,https://dexonline.ro/definitie/,,,,23,2,5,0,0,,Romanian,False,False,_,,,,,,,,45.4500000000,25.4600000000,False,False,False,"Set in the Carpathians (the Bucegi mountains south of Brașov), as the transition between southern and Transylvanian dialects of Romanian. "
39,ita,Italian,Italian,,,,5,Cormac Anderson and Matilde Serangeli,False,ital1282,9,1,1,0,False,False,,,,,Standard (originally based on the Florence dialect of Dante),37,2,4,0,0,,Italian,False,False,_,,,,,,,,43.7700000000,11.2500000000,True,False,False,"Set in Florence, the dialect of which historically formed the basis of standard ‘Italian’."
147,glv,GaelicManx,Gaelic: Manx,,,,5,Christopher Lewin,False,manx1243,10,3,0,0,False,False,,,,,,30,4,1,0,0,,Manx,True,False,N,,,,200,30,,,54.2600000000,-4.6300000000,False,False,False,"Tynwald Hill, traditional meeting place of the Manx parliamentary assembly"
115,gla,GaelicScottish,Gaelic: Scottish,,,,5,Peadar O'Muircheartaigh,False,scot1245,10,3,0,0,False,False,,,,,South Uist,20,4,1,0,0,,Scottish_Gaelic,False,False,_,,,,,,,,57.2700000000,-7.3200000000,False,False,False,"Set at the geographical midpoint of the island of South Uist, the variety targeted here. "
