id,gloss,description,notes,percent_coded,doubleCheck,exclude,meaningSetIx,tooltip,meaningSetMember,exampleContext,ixElicitation,concepticon_id
1,all,,,89.7196261682243,False,False,0,,0,He has cut down all the trees.,901,98
2,and,,,85.3211009174312,False,False,0,,0,I can see a tree and a rock.,902,1577
3,animal,,,89.1089108910891,False,False,0,,0,,903,619
4,ash,,,100.0,False,False,0,"The powdery remains of a fire, not the tree species 'ash'.",0,There was nothing left but ash.,132,646
5,at,,,84.0,False,False,0,,0,He stopped at the rock half way to the village.,904,1461
6,back,,,97.2677595628415,False,False,0,"The noun, part of the human body, not the English adjective or adverb 'back'. ",0,I fell over and now my back hurts.,51,1291
7,bad,,,96.6346153846154,False,False,0,,0,That's a bad idea.,151,1292
8,bark,,,98.7654320987654,False,False,0,The noun for the 'bark' of a tree.  *Not* the verb for the barking of dogs!,0,He tore some bark off the tree.,103,1204
9,because,,,83.6734693877551,False,False,0,,0,,905,1157
10,belly,,,97.5,False,False,0,,0,He punched him in the belly.,47,1251
11,big,,,98.9417989417989,False,False,0,,0,This is a big stone. That is a small stone.,169,1202
12,bird,,,97.3404255319149,False,False,0,,0,What bird does this feather come from?,92,937
13,bite,,,97.6608187134503,False,False,0,"The verb '(to) bite', not the noun for '(a) bite'.",0,The dog bit him.,228,1403
14,black,,,97.752808988764,False,False,0,,0,Charcoal is black.,180,163
15,blood,,,97.6608187134503,False,False,0,,0,Blood is red.,58,946
16,blow,,,90.6432748538012,False,True,0,"The  verb '(to) blow', not the noun for (a) blow from hitting.",0,He blew on the sticks to start the fire.,220,0
17,bone,,,98.1927710843374,False,False,0,,0,He fell and broke a bone.,57,1394
18,chest,,,94.9494949494949,True,False,0,The part of the body between shoulders and stomach.  *Not* specifically the female breast.,0,His wore a medal on his chest.,46,1592
19,breathe,,,99.3975903614458,False,False,0,,0,People can't breathe underwater. ,218,1407
20,burn,,,96.5,True,False,0,"Intransitive verb, not transitive.  ",0,The wood is burning in the fire.,280,2102
21,child,,,87.1134020618557,False,True,0,"Kin term, for offspring;  *not* about young age, non-adult.  Opposite of 'parent', not of 'adult;. ",0,That is their first child.,67,0
22,cloud,,,97.6878612716763,False,False,0,,0,There were white clouds in the blue sky.,109,1489
23,cold,,,100.0,False,False,0,,0,The rocks get hot during the day and cold at night.,157,1287
24,come,,,99.4708994708995,False,False,0,,0,I saw him on the road. I don't know where he was coming from.,184,1446
25,count,,,99.4117647058823,False,False,0,,0,I counted the stones; there were five stones.,240,1420
26,cut,,,96.3730569948187,False,False,0,,0,"I've cut my finger; look, it's bleeding.",272,1432
27,day,,,97.8260869565217,False,False,0,,0,Day and night.,112,1225
28,die,,,97.7653631284916,False,False,0,,0,Everyone dies sooner or later.,214,1494
29,dig,,,94.5054945054945,False,False,0,,0,He is digging in the ground.,292,1418
30,dirty,,,97.3958333333333,False,False,0,,0,This cup is clean and that one is dirty.,166,1230
31,dog,,,99.4413407821229,False,False,0,,0,I would like to own a dog.,79,2009
32,drink,,,98.2658959537572,False,False,0,,0,He drank because he was thirsty.,232,1401
33,dry,,,95.5307262569832,False,False,0,,0,Is it dry or wet?,167,1398
34,dull,,,79.5698924731183,False,False,0,,0,,906,1397
35,dust,,,98.8888888888889,False,False,0,,0,"When the ground is dry, you kick up dust when you walk.",121,2
36,ear,,,100.0,False,False,0,,0,One ear of his was bigger than the other ear. ,35,1247
37,earth,,,97.6076555023923,True,False,0,"The material, not the planet.  Generally the sense of the Classical ‘element’, alongside ‘water’, ‘fire’ and ‘air’.’",0,"As he dug the hole, he threw out the earth.",117,1228
38,eat,,,99.4219653179191,False,False,0,,0,Eat some food and drink some water.,230,1336
39,egg,,,98.7421383647799,False,False,0,,0,Don't drop the egg; it will break!,141,744
40,eye,,,98.2954545454545,False,False,0,,0,She closed one eye.,33,1248
41,fall,,,98.7730061349693,False,False,0,,0,I fell from the tree yesterday and hurt my back.,194,1280
42,far,,,96.551724137931,False,False,0,,0,You can't walk there in one day; it's too far.,303,1406
43,fat,,,84.8958333333333,True,True,0,"Noun, not adjective:  the substance.  'Fat' as opposed to muscle, bone, skin, etc..  *Not* the opposite of 'thin'.",0,Cut the fat off the meat.,140,323
44,father,,,87.8306878306878,False,True,0,,0,Everyone has a father and a mother.,72,1217
45,fear,,,98.9637305699482,True,False,0,,0,"While the dog was here, I was scared.",234,1419
46,feather,,,97.6047904191617,False,False,0,,0,What bird does this feather come from?,84,1201
47,few,,,81.1111111111111,False,False,0,,0,It's a small village. There are few houses. (Eng. There are not many houses.),907,1242
48,fight,,,95.8904109589041,False,False,0,,0,The two men are fighting outside.,254,1423
49,nail,,,98.1927710843374,False,False,0,"Nail of a finger/toe, not for hammering.",0,He had very long nails on his fingers.,45,0
50,fire,,,98.876404494382,False,False,0,,0,"He was cold, so he moved closer to the fire.",130,221
51,fish,,,99.3865030674847,False,False,0,,0,I can see a fish swimming in the water.,91,227
52,five,,,98.8095238095238,False,False,0,,0,Four plus one is five.,5,493
53,float,,,91.6666666666667,False,False,0,,0,The leaf is floating on the river.,908,1574
54,flow,,,88.695652173913,False,False,0,,0,"The river flows, e.g. past the village, to the sea etc.",909,2003
55,flower,,,96.551724137931,False,False,0,"The noun ‘(a) flower’, *not* the verb ‘bloom’.",0,What type of flower is this?,105,239
56,fly_V,,,98.159509202454,False,False,0,The verb ‘(to) fly’.,0,Birds can fly but people cannot.,202,1441
57,fog,,,96.3414634146341,False,False,0,,0,I couldn't see the village because of the fog.,125,249
58,foot,,,98.9130434782609,False,False,0,,0,Her foot is injured so she cannot walk.,55,1301
59,four,,,98.8372093023256,False,False,0,,0,Four plus one is five.,4,1500
60,freeze,,,98.7096774193548,False,False,0,,0,"When water freezes, it turns to ice. ",282,1431
61,fruit,,,98.4042553191489,False,False,0,,0,He picked fruit from the trees.,145,1507
62,full,,,98.8439306358381,False,False,0,,0,An empty pot is easier to carry than a full pot. (WOLD),165,1429
63,give,,,98.2954545454545,False,False,0,,0,She wanted to cut the (insert name of local fruit). He gave her a knife.,252,1447
64,good,,,99.4949494949495,False,False,0,,0,That is a good idea.,150,1035
65,grass,,,98.2352941176471,False,False,0,,0,There is grass growing beside the river.,107,606
66,green,,,98.8439306358381,False,False,0,,0,The grass was fresh and green.,177,1425
67,guts,,,96.3350785340314,False,False,0,,0,He cut open the animal and pulled out its guts.,49,1334
68,hair,,,98.4924623115578,False,False,0,"Hair of the head, not the body.  Of people, not of animals.",0,She pulled him by his hair.,32,1040
69,hand,,,99.4565217391304,False,False,0,,0,He burned his hand.,42,1277
70,he,,,78.0952380952381,False,False,0,,0,,910,1211
71,head,,,97.7900552486188,False,False,0,,0,He has lots of hair on his head.,31,1256
72,hear,,,99.4186046511628,False,False,0,,0,I heard a noise last night.,206,1408
73,heart,,,98.8636363636364,False,False,0,,0,His heart was beating fast.,60,1223
74,heavy,,,97.1751412429379,False,False,0,,0,The rock was very heavy.,164,1210
75,here,,,83.8150289017341,False,True,0,,0,The knife is here.,300,136
76,hit,,,93.9393939393939,False,False,0,"The verb '(to) hit', not the noun for a blow or strike.",0,He hit the ball with the stick.,270,1433
77,hold,,,85.8585858585859,False,False,0,,0,He is holding a stick in his hand.,911,1448
78,horn,,,98.8439306358381,False,False,0,,0,Some animals have horns. Humans do not.,81,1393
79,how,,,83.5294117647059,False,True,0,,0,How do you make fire?,316,1239
80,hunt,,,99.390243902439,False,False,0,"The verb '(to) hunt', not the noun '(a) hunt'.",0,He’s hunting animals in the forest.,286,1435
81,husband,,,81.8840579710145,False,False,0,,0,,64,1200
82,I,,,88.268156424581,False,True,0,*See full meaning description.^See full meaning description.*,0,*See full meaning description.*,319,1209
83,ice,,,100.0,False,False,0,,0,The ice is melting in the sun.,123,617
84,if,,,75.7009345794392,False,False,0,,0,"If she does this, then it will happen.",912,1459
85,in,,,87.7358490566038,False,False,0,,0,The dog is in a basket.,913,1460
86,kill,,,98.9637305699482,False,False,0,,0,They started fighting. He killed him.,256,1417
87,knee,,,99.4082840236686,False,False,0,,0,He put his hand on his knee.,54,1371
88,know,,,99.4565217391304,True,False,0,"Know a fact, *not* a person.  I.e. ‘be aware of’, not ‘be acquainted with’.",0,They know that we’re coming.,236,1410
89,lake,,,97.6331360946746,False,False,0,,0,Her house is beside the lake.,128,624
90,laugh,,,98.7951807228916,False,False,0,,0,"When I saw him, he was laughing.",242,1355
91,leaf,,,98.876404494382,False,False,0,,0,He picked a leaf from the tree.,102,628
92,left,,,98.8095238095238,False,False,0,"The opposite of 'right (hand side)'.  Adjective, not adverb.",0,He is blind in his left eye.,305,244
93,leg,,,99.3939393939394,False,False,0,,0,He fell and broke his leg.,52,1297
94,lie,,,80.1136363636364,True,True,0,"Stative verb, i.e. 'be lying (down).  *Not* the English homonym 'tell untruths'. ",0,She was lying on the ground.,192,1411
95,live,,,97.3118279569892,True,False,0,Verb 'be alive'. *Not* 'dwell' in a place.,0,How many years can people live for?,212,2309
96,liver,,,98.7577639751553,False,False,0,,0,When he died they found that his liver was very swollen.,61,1224
97,long,,,99.4082840236686,False,False,0,,0,This is a long rope; that is a short rope.,158,1203
98,louse,,,96.2264150943396,False,False,0,,0,I picked a louse from his hair.,96,1392
99,man,,,97.7064220183486,False,False,0,"Specifically an adult male, not the (outdated) generic sense of ‘person’ or ‘humankind’.",0,I saw a man and a woman.,63,1554
100,many,,,88.034188034188,False,False,0,,0,We picked many (a lot of) (insert name of local fruit) today.,914,1198
101,meat,,,100.0,False,False,0,,0,What animal does this meat come from?,137,634
102,moon,,,100.0,False,False,0,,0,I saw the moon in the sky.,113,1313
103,mother,,,89.2045454545455,False,True,0,,0,Everyone has a father and a mother.,73,1216
104,mountain,,,98.9583333333333,False,False,0,,0,He started to climb the mountain.,118,639
105,mouth,,,98.8505747126437,False,False,0,,0,He put his fingers in his mouth.,36,674
106,name,,,99.4318181818182,False,False,0,,0,What is your name?,78,1405
107,narrow,,,94.8453608247423,False,False,0,"Of a gap, opposite of ‘wide’.  *Not* of an object, i.e. *not* the opposite of ‘broad, thick’. ",0,"The canyon is wide here, but further down it's narrow.",161,1267
108,near,,,95.4285714285714,False,False,0,"Adverb, not adjective.",0,You can walk there in one day; it's near.,301,1942
109,neck,,,94.9494949494949,False,False,0,,0,He put his hand on his neck.,39,1333
110,new,,,98.8700564971751,False,False,0,,0,He lives in the new house; not in the old house.,154,1231
111,night,,,100.0,False,False,0,,0,Night and day.,114,1233
112,nose,,,98.8304093567251,False,False,0,,0,"While fighting, he hit him on the nose.",34,1221
113,not,,,90.9090909090909,False,True,0,,0,I do not understand.,308,1240
114,old,,,98.4210526315789,False,False,0,"The opposite of ‘new’, not the opposite of ‘young’ (if distinguished).",0,"He lives in the old house, not in the new house.",153,1229
115,one,,,99.4252873563218,False,False,0,,0,One plus one is two.,1,1493
116,other,,,88.1818181818182,False,False,0,,0,He opened one eye and kept the other eye closed.,915,197
117,person,,,97.1830985915493,True,False,0,,0,Only one person at a time can pass through the gate.,62,683
118,play,,,97.5308641975309,True,False,0,"Transitive verb, ‘playing’ a game for amusement.  *Not* ‘playing’ a musical instrument.",0,They’re playing a game outside.,250,1413
119,pull,,,97.752808988764,False,False,0,,0,He was pushing and pulling the furniture around the room.  ,262,1455
120,push,,,96.2162162162162,False,False,0,,0,He was pushing and pulling the furniture around the room.  ,260,1452
121,rain,,,97.1098265895954,False,False,0,,0,I saw him standing in the rain.,126,1253
122,red,,,99.4444444444444,False,False,0,,0,Blood is red.,179,156
123,true,,,89.3203883495146,True,True,0,,0,The story he is telling is true.,176,1657
124,right,,,99.4082840236686,True,False,0,"Opposite of ‘left’.  *Not* right in the sense of ‘correct, accurate’.  The adjective form of right, not the adverb.",0,He is blind in his right eye.,304,1019
125,river,,,96.9543147208122,False,False,0,,0,He lives beside the river.,127,666
126,road,,,86.71875,False,False,0,,0,,916,667
127,root,,,97.6190476190476,False,False,0,,0,You could see some of the roots of the tree above the ground.,104,670
128,rope,,,85.7142857142857,False,False,0,,0,,917,1218
129,rotten,,,95.5555555555556,False,False,0,,0,That fruit is rotten.,152,1728
130,round,,,96.7741935483871,False,False,0,,0,That table is round.,171,1395
131,rub,,,82.1052631578947,False,False,0,,0,He rubbed his belly.,918,1449
132,salt,,,98.2035928143713,False,False,0,,0,She puts too much salt in her food.,139,1274
133,sand,,,99.4047619047619,False,False,0,,0,She let the sand fall through her hands.,120,671
134,say,,,97.5728155339806,False,False,0,,0,She said that she would be late.,246,1458
135,scratch,,,96.4912280701754,False,False,0,,0,She scratched her head.,274,1436
136,sea,,,98.8826815642458,False,False,0,,0,Her house is beside the sea.,129,1474
137,see,,,98.3050847457627,False,False,0,,0,I see him every day on the road.,204,1409
138,seed,,,98.3695652173913,False,False,0,,0,You can eat the seeds of (insert name of local fruit).,106,714
139,sew,,,100.0,False,False,0,,0,He sewed the two pieces of cloth together.,278,1457
140,sharp,,,96.8421052631579,False,False,0,,0,A sharp knife cuts better than a blunt one.,173,1396
141,short,,,100.0,False,False,0,,0,This is a short rope; that is a long rope.,159,1645
142,sing,,,99.4152046783626,False,False,0,,0,I heard him yesterday. He was singing.,248,1261
143,sit,,,97.0588235294118,True,False,0,"Stative verb, ‘be sitting’, *not* change of state ‘sit down’. ",0,He is sitting over there.,190,1416
144,skin,,,98.974358974359,False,False,0,,0,His skin was old and hard.,56,763
145,sky,,,99.4285714285714,False,False,0,,0,There were white clouds in the blue sky.,108,1732
146,sleep,,,98.2658959537572,False,False,0,,0,He is sleeping in the house.,216,1585
147,small,,,97.2826086956522,False,False,0,,0,This is a small stone. That is a big stone.,170,1246
148,smell,,,96.9325153374233,True,False,0,Verb for a person *perceiving* an odour (transitive).  *Not* the sense of emitting an odour (intransitive).  ,0,I (can) smell smoke.,208,1586
149,smoke,,,100.0,False,False,0,,0,I could see the smoke from the fire.,131,778
150,smooth,,,96.1325966850829,False,False,0,,0,He picked a smooth stone from the river.,174,1234
151,snake,,,97.8947368421053,False,False,0,,0,He jumped when he saw the snake.,89,730
152,snow,,,98.7730061349693,False,False,0,,0,There was snow on the ground.,124,784
153,some,,,74.1071428571429,False,False,0,,0,There are some (insert name of local fruit) in the basket,919,1241
154,spit,,,82.6086956521739,False,True,0,,0,He spat on the ground.,224,1440
155,split,,,78.0952380952381,False,False,0,,0,,920,1437
156,squeeze,,,79.2452830188679,False,False,0,,0,Don't squeeze the ball - you'll burst it!,921,1414
157,stab,,,77.6470588235294,False,False,0,,0,I stabbed him in the belly (with a knife).,922,1434
158,stand,,,97.6608187134503,True,False,0,"Stative verb, ‘be standing’, *not* change of state ‘get up, stand up’. ",0,He is standing over there.,188,1442
159,star,,,99.4186046511628,False,False,0,,0,There were many stars in the night sky.,115,1430
160,stick,,,96.078431372549,False,False,0,"The noun ‘(a) stick’ (e.g. of wood), not the verb for ‘adhere’. ",0,He carried a stick under his arm.,101,1295
161,stone,,,98.9473684210526,False,False,0,,0,He held the stone in his hand,119,857
162,straight,,,99.3939393939394,False,False,0,,0,"This stick is straight, but that one is bent.",175,1404
163,suck,,,85.2272727272727,False,False,0,,0,,923,1421
164,sun,,,99.4252873563218,False,False,0,,0,"During the day, the sun is in the sky; at night, it's not.",111,1343
165,swell,,,99.4708994708995,True,False,0,,0,His arm swelled after he was injured.,222,1573
166,swim,,,97.3856209150327,False,False,0,,0,He is swimming in the lake.,200,1439
167,tail,,,97.4489795918367,False,False,0,,0,The dog wagged its tail.,82,1220
168,that,,,84.2931937172775,False,True,0,,0,I used that knife.,299,78
169,there,,,82.9545454545455,False,True,0,,0,The knife is (over) there.,302,1937
170,they,,,77.6536312849162,False,True,0,^See full meaning description.*,0,^See full meaning description.*,323,817
171,thick,,,96.6292134831461,False,False,0,,0,That tree trunk is thick; it would take a long time cut through.,162,1244
172,thin,,,84.2391304347826,True,True,0,"'Thin' of an object, not a person.  Opposite of 'thick', not of 'fat'.",0,"This piece of wood is thin, and that one is thick.",163,0
173,think,,,97.8142076502732,True,False,0,"Verb for the mental activity, the process of thinking; the basic, generic lexeme for ‘cogitate, be thinking about something’.  *Not* in the sense of ‘have an opinion’.",0,What are you doing?  I'm just thinking.,238,1415
174,this,,,86.8852459016394,False,True,0,,0,I used this knife.,298,1214
175,you_sg.,,,89.1891891891892,False,True,0,^See full meaning description.*,0,^See full meaning description.*,320,0
176,three,,,100.0,False,False,0,,0,Three plus one is four.,3,492
177,throw,,,93.953488372093,False,False,0,,0,He threw a stick into the water.,284,1456
178,tie,,,95.4081632653061,False,False,0,"The verb ‘(to) tie’, not the noun for the article of clothing.",0,He tied the two sticks together.,266,1917
179,tongue,,,98.8235294117647,False,False,0,,0,He stuck his tongue out.,38,1205
180,tooth,,,99.4186046511628,False,False,0,,0,You can break a tooth if you bite on hard food.,37,1380
181,tree,,,96.7567567567568,False,False,0,,0,There is a tree beside the house.,97,906
182,turn,,,95.0980392156863,False,False,0,,0,It was heavy so it was hard to turn it.,186,1588
183,two,,,100.0,False,False,0,,0,One plus one is two.,2,1498
184,vomit,,,98.8888888888889,True,False,0,,0,He ate something bad and threw up (vomited).,226,1278
185,walk,,,96.0199004975124,False,False,0,"The verb '(to) walk', not the noun '(a) walk'.",0,People can walk but fish cannot.,196,1443
186,hot,,,99.4736842105263,False,False,0,,0,The rocks get hot during the day and cold at night.,156,1286
187,wash,,,98.3606557377049,False,False,0,,0,She washed her hands.,276,1453
188,water,,,99.4475138121547,False,False,0,,0,"She was thirsty, so she drank some water.",122,948
189,we,,,92.6136363636364,False,True,0,^See full meaning description.*,0,^See full meaning description.*,321,1212
190,wet,,,98.2558139534884,False,False,0,,0,Is it wet or dry?,168,1726
191,what,,,91.0112359550562,False,True,0,,0,What are you eating?,318,1236
192,when,,,90.9090909090909,False,True,0,,0,When will we meet again?,315,1238
193,where,,,91.1764705882353,False,True,0,,0,Where is the knife?,314,1237
194,white,,,98.9247311827957,False,False,0,,0,There is a white cloud in the sky.,181,1335
195,who,,,91.9075144508671,False,True,0,,0,Who killed this dog?,317,1235
196,wide,,,97.3118279569892,True,False,0,"Of a gap, opposite of ‘narrow’.  *Not* of an object, *not* the opposite of ‘thick’. ",0,"The canyon is wide here, but further down it's narrow.",160,1243
197,wife,,,82.2222222222222,False,False,0,,0,,66,1199
198,wind,,,98.3240223463687,False,False,0,"The noun ‘(a) wind’, the weather word /wɪnd/, not the verb /waind/.",0,She felt the wind in her face.,116,960
199,wing,,,98.125,False,False,0,,0,Birds have wings; people do not.,85,1257
200,wipe,,,84.4444444444444,False,False,0,,0,He wiped the sweat from his brow.,924,1454
201,with,,,89.5604395604396,False,True,0,,0,I saw him walking with a friend.,307,1340
202,woman,,,96.1722488038278,False,False,0,,0,I saw a man and a woman.,65,962
203,forest,,,97.8260869565217,False,False,0,,0,There are many animals in the forest.,98,420
204,worm,,,98.3240223463687,False,False,0,,0,There is a worm in this (insert name of local fruit).,90,1219
205,you_pl.,,,86.0335195530726,False,True,0,^See full meaning description.*,0,^See full meaning description.*,322,0
206,year,,,99.4594594594595,False,False,0,,0,The year is almost over.,133,1226
207,yellow,,,97.6047904191617,False,False,0,,0,Egg yolk is yellow,178,1424
208,ant,,,99.3421052631579,False,False,0,,0,There's an ant climbing up your leg.,93,587
209,thigh,,,100.0,False,False,0,,0,He slapped his thigh.,53,800
210,navel,,,99.3333333333333,False,False,0,,0,One could see his navel.,50,1838
211,fly_N,,,100.0,False,False,0,The noun for the insect ‘(a) fly’.,0,He killed a fly.,94,1504
212,yesterday,,,98.6754966887417,False,False,0,,0,I haven't seen him today but I saw him yesterday.,310,1174
213,shadow,,,97.4193548387097,False,False,0,,0,He could see his shadow on the ground.,110,2275
214,house,,,99.4594594594595,False,False,0,,0,His house is at the edge of the village.,136,1252
215,bitter,,,99.3421052631579,False,False,0,,0,The leaves tasted bitter.,148,887
216,hard,,,98.75,False,False,0,,0,It was very hard. When he bit it he broke his tooth.,172,1884
217,sweet,,,99.3788819875776,False,False,0,,0,"This apple is ripe now, it tastes sweet.",155,717
218,go,,,100.0,True,False,0,,0,I saw him on the road. I don't know where he was going.,182,695
219,run,,,96.969696969697,False,False,0,,0,Can you run fast?,198,1519
220,carry,,,98.1818181818182,False,False,0,,0,She carried her bag [under her arm].,268,700
221,take,,,98.1481481481482,False,False,0,,0,Take the money when you go.,258,1749
222,hide,,,99.3865030674847,False,False,0,"The verb ‘to (hide)’, not the noun for an animal skin.",0,They hid their food from the animals.,294,602
223,cry,,,99.3710691823899,False,False,0,"The sense of shedding tears, *not* shouting out.",0,She was crying when I saw her.,244,1839
224,do,,,99.4152046783626,True,False,0,.,0,What did you **do** in the village yesterday?,210,813
225,grind,,,98.0263157894737,False,False,0,,0,He’s grinding flour.,290,1033
226,claw,,,98.6301369863014,False,False,0,,0,The cat scratched me with its claws.,83,72
227,six,,,23.5294117647059,False,False,0,,0,,6,1703
228,seven,,,23.5294117647059,False,False,0,,0,,7,1704
229,eight,,,88.8888888888889,False,False,0,,0,,8,1705
230,nine,,,23.5294117647059,False,False,0,,0,,9,1483
231,ten,,,31.5789473684211,False,False,0,,0,,10,1515
232,eleven,,,87.5,False,False,0,,0,,11,1706
233,twelve,,,29.4117647058824,False,False,0,,0,,12,1707
234,thirteen,,,27.7777777777778,False,False,0,,0,,13,1708
235,fourteen,,,23.5294117647059,False,False,0,,0,,14,0
236,fifteen,,,88.8888888888889,False,False,0,,0,,15,1709
237,sixteen,,,23.5294117647059,False,False,0,,0,,16,0
238,seventeen,,,18.75,False,False,0,,0,,17,0
239,eighteen,,,75.0,False,False,0,,0,,18,1713
240,nineteen,,,23.5294117647059,False,False,0,,0,,19,1714
241,twenty,,,31.5789473684211,False,False,0,,0,,20,1710
242,twenty-one,,,17.6470588235294,False,False,0,,0,,21,0
243,thirty,,,27.7777777777778,False,False,0,,0,,22,1715
244,forty,,,27.7777777777778,False,False,0,,0,,23,1716
245,fifty,,,42.1052631578947,False,False,0,,0,,24,1717
246,sixty,,,27.7777777777778,False,False,0,,0,,25,1718
247,seventy,,,23.5294117647059,False,False,0,,0,,26,1721
248,eighty,,,88.2352941176471,False,False,0,,0,,27,1722
249,ninety,,,23.5294117647059,False,False,0,,0,,28,1724
250,hundred,,,88.8888888888889,False,False,0,,0,,29,1634
251,two_hundred,,,13.3333333333333,False,False,0,,0,,30,0
252,throat,,,23.5294117647059,False,False,0,,0,,40,1346
253,arm,,,64.7058823529412,False,False,0,,0,,41,1673
254,elbow,,,26.6666666666667,False,False,0,,0,,43,981
255,finger,,,55.5555555555556,False,False,0,,0,,44,1303
256,stomach_organ,,,12.5,False,False,0,,0,,48,819
257,urine,,,20.0,False,False,0,,0,,59,1142
258,boy,,,55.5555555555556,False,False,0,,0,,68,1366
259,son,,,35.0,False,False,0,,0,,69,1620
260,girl,,,23.5294117647059,False,False,0,,0,,70,1646
261,daughter,,,83.3333333333333,False,False,0,,0,,71,1357
262,brother,,,80.9523809523809,False,False,0,,0,,74,1262
263,sister,,,26.3157894736842,False,False,0,,0,,75,1263
264,groom,,,85.0,False,False,0,,0,,76,0
265,bride,,,75.0,False,False,0,,0,,77,1266
266,cat,,,66.6666666666667,False,False,0,,0,,80,1208
267,lion,,,35.2941176470588,False,False,0,,0,,86,1386
268,wolf,,,23.5294117647059,False,False,0,,0,,87,522
269,fox,,,83.3333333333333,False,False,0,,0,,88,1312
270,scorpion,,,23.5294117647059,False,False,0,,0,,95,1538
271,wood,,,35.0,False,False,0,,0,,99,1803
272,branch,,,66.6666666666667,False,False,0,,0,,100,1531
273,summer,,,26.3157894736842,False,False,0,,0,,134,1342
274,winter,,,31.5789473684211,False,False,0,,0,,135,1471
275,rice,,,18.75,False,False,0,,0,,138,926
276,milk,,,35.0,False,False,0,,0,,142,635
277,honey,,,93.75,False,False,0,,0,,143,942
278,walnut,,,7.14285714285714,False,False,0,,0,,144,2042
279,hungry,,,52.9411764705882,False,False,0,,0,,146,0
280,thirsty,,,23.5294117647059,False,False,0,,0,,147,847
281,fresh,,,7.14285714285714,False,False,0,,0,,149,243
282,go_pst3sg,,,73.6842105263158,False,False,0,,0,,183,695
283,come_pst3sg,,,55.5555555555556,False,False,0,,0,,185,1446
284,turn_pst3sg,,,60.0,False,False,0,,0,,187,1588
285,stand_pst3sg,,,31.25,False,False,0,,0,,189,1442
286,sit_pst3sg,,,40.0,False,False,0,,0,,191,1416
287,lie_pst3sg,,,41.1764705882353,False,False,0,,0,,193,1411
288,fall_pst3sg,,,68.75,False,False,0,,0,,195,1280
289,walk_pst3sg,,,62.5,False,False,0,,0,,197,1443
290,run_pst3sg,,,20.0,False,False,0,,0,,199,1519
291,swim_pst3sg,,,15.3846153846154,False,False,0,,0,,201,1439
292,fly_pst3sg,,,28.5714285714286,False,False,0,,0,,203,1441
293,hear_pst3sg,,,66.6666666666667,False,False,0,,0,,207,1408
294,see_pst3sg,,,31.25,False,False,0,,0,,205,1409
295,smell_pst3sg,,,26.6666666666667,False,False,0,,0,,209,1586
296,do_pst3sg,,,73.6842105263158,False,False,0,,0,,211,813
297,live_pst3sg,,,43.75,False,False,0,,0,,213,2309
298,die_pst3sg,,,72.2222222222222,False,False,0,,0,,215,1494
299,sleep_pst3sg,,,31.25,False,False,0,,0,,217,1585
300,breathe_pst3sg,,,73.3333333333333,False,False,0,,0,,219,1407
301,blow_pst3sg,,,15.3846153846154,False,False,0,,0,,221,0
302,swell_pst3sg,,,7.69230769230769,False,False,0,,0,,223,1573
303,spit_pst3sg,,,16.6666666666667,False,False,0,,0,,225,1440
304,vomit_pst3sg,,,20.0,False,False,0,,0,,227,1278
305,bite_pst3sg,,,66.6666666666667,False,False,0,,0,,229,1403
306,eat_pst3sg,,,72.2222222222222,False,False,0,,0,,231,1336
307,drink_pst3sg,,,68.75,False,False,0,,0,,233,1401
308,fear_pst3sg,,,68.75,False,False,0,,0,,235,1419
309,know_pst3sg,,,64.7058823529412,False,False,0,,0,,237,1410
310,think_pst3sg,,,68.75,False,False,0,,0,,239,1415
311,count_pst3sg,,,64.2857142857143,False,False,0,,0,,241,1420
312,laugh_pst3sg,,,61.5384615384615,False,False,0,,0,,243,1355
313,cry_pst3sg,,,66.6666666666667,False,False,0,,0,,245,1839
314,say_pst3sg,,,35.2941176470588,False,False,0,,0,,247,1458
315,sing_pst3sg,,,13.3333333333333,False,False,0,,0,,249,1261
316,play_pst3sg,,,57.1428571428571,False,False,0,,0,,251,1413
317,give_pst3sg,,,70.5882352941177,False,False,0,,0,,253,1447
318,fight_pst3sg,,,68.75,False,False,0,,0,,255,1423
319,kill_pst3sg,,,70.5882352941177,False,False,0,,0,,257,1417
320,take_pst3sg,,,70.5882352941177,False,False,0,,0,,259,1749
321,push_pst3sg,,,16.6666666666667,False,False,0,,0,,261,1452
322,pull_pst3sg,,,53.3333333333333,False,False,0,,0,,263,1455
323,close,,,81.25,False,False,0,,0,,264,0
324,close_pst3sg,,,68.75,False,False,0,,0,,265,0
325,tie_pst3sg,,,72.7272727272727,False,False,0,,0,,267,1917
326,carry_pst3sg,,,77.7777777777778,False,False,0,,0,,269,700
327,hit_pst3sg,,,72.2222222222222,False,False,0,,0,,271,1433
328,cut_pst3sg,,,70.5882352941177,False,False,0,,0,,273,1432
329,scratch_pst3sg,,,15.3846153846154,False,False,0,,0,,275,1436
330,wash_pst3sg,,,68.75,False,False,0,,0,,277,1453
331,sew_pst3sg,,,15.3846153846154,False,False,0,,0,,279,1457
332,burn_pst3sg,,,73.3333333333333,False,False,0,,0,,281,2102
333,freeze_pst3sg,,,64.2857142857143,False,False,0,,0,,283,1431
334,throw_pst3sg,,,33.3333333333333,False,False,0,,0,,285,1456
335,hunt_pst3sg,,,28.5714285714286,False,False,0,,0,,287,1435
336,pour,,,26.3157894736842,False,False,0,,0,,288,1487
337,pour_pst3sg,,,23.5294117647059,False,False,0,,0,,289,1487
338,sweep,,,26.3157894736842,False,False,0,,0,,296,230
339,sweep_pst3sg,,,7.69230769230769,False,False,0,,0,,297,230
340,grind_pst3sg,,,56.25,False,False,0,,0,,291,1033
341,dig_pst3sg,,,72.2222222222222,False,False,0,,0,,293,1418
342,hide_pst3sg,,,29.4117647058824,False,False,0,,0,,295,602
343,under,,,35.0,False,False,0,,0,,306,0
344,today,,,18.75,False,False,0,,0,,309,1283
345,two_days_ago,,,0.0,False,False,0,,0,,311,0
346,tomorrow,,,22.2222222222222,False,False,0,,0,,312,1329
347,the_day_after_tomorrow,,,0.0,False,False,0,,0,,313,1179
