ID,Name,Glottocode,Glottolog_Name,ISO639P3code,Macroarea,Latitude,Longitude,Family,Author_ID,Description,Clade,Color,Variety,clade_name,ascii_name,loc_justification,historical,fossil,sort_order
3,Albanian: Gheg,gheg1238,Gheg Albanian,aln,Eurasia,42.317,21.3837,Indo-European,34,,Albanian,999999,,Albanian,AlbanianGheg,"Set on Pristina, the capital of Kosovo, as a reference point for the variety targeted, namely north-eastern Gheg as spoken roughly in Kosovo.",false,false,18
7,Armenian: Western,homs1234,Western Armenian,hyw,Eurasia,40.1897,44.4839,Indo-European,6,,Armenian,800080,"Western Armenian literary language, ultimately closely related to the dialect of the Erzerum area.",Armenian,ArmenianWestern,"Set in the town of Erzurum, formerly a major dialect area of Western Armenian in Asia Minor, and ultimately closely related to the Western Armenian literary language effectively based on the dialect of Constantinople (Istanbul).",false,false,17
8,Armenian: Eastern,nucl1235,Eastern Armenian,hye,Eurasia,40.0,45.0,Indo-European,6,,Armenian,800080,Yerevan variety.,Armenian,ArmenianEastern,"Set in Yerevan, the capital of Armenia, the dialect of which historically forms the basis of colloquial Eastern Armenian and is the most widespread of the Armenian dialects today.",false,false,16
10,Bengali,beng1280,Bengali,ben,Eurasia,24.0,90.0,Indo-European,44,,Indo-Iranic;Indic,B0171F,,Indic,Bengali,"Set on Kolkata (Calcutta), capital of the Indian state of West Bengal, and a cultural centre where Bengali is the dominant language.",false,false,24
15,Bulgarian,bulg1262,Bulgarian,bul,Eurasia,43.3646,25.047,Indo-European,11,Standard Bulgarian,Balto-Slavic;Slavic;Slavic South,E68A00,Standard,Slavic,Bulgarian,"Set on Sofia, as the capital of Bulgaria",false,false,73
16,Belarusian,bela1254,Belarusian,bel,Eurasia,53.2307,25.6038,Indo-European,11,Standard Belarusian,Balto-Slavic;Slavic;Slavic East,FFCC80,Standard,Slavic,Belarusian,"Set on Minsk, as the capital of Belarus",false,false,92
17,Catalan,stan1289,Catalan,cat,Eurasia,41.453,1.569,Indo-European,19,,Italic;Roman;Romance,76EE00,Standard Catalan.,Italic,Catalan,"Set roughly on the geographical centre of Catalonia, given that standard Catalan (the variety represented in IE-CoR) is purposely based not on a single dialect.",false,false,132
18,Czech,czec1258,Czech,ces,Eurasia,49.873398,15.10437,Indo-European,11,Standard Czech,Balto-Slavic;Slavic;Slavic West,FFAD33,Standard,Slavic,Czech,"Set on Prague, as the capital of the Czech Republic",false,false,87
20,Danish,dani1285,Danish,dan,Eurasia,54.8655,9.36284,Indo-European,7,,Germanic;North-West;North,4169E1,"Standard Danish, as spoken around Copenhagen.",Germanic,Danish,"Set in Copenhagen, generally considered the region closest to the perceived 'standard' form of Danish.",false,false,103
21,Dutch,dutc1256,Dutch,nld,Eurasia,52.0,5.0,Indo-European,67,,Germanic;North-West;West,6495ED,,Germanic,Dutch,"Set on the approximage geographical centre of the Randstad, intermediate between the four main cities of Holland (Amsterdam. Rotterdam, The Hague and Utrecht), the region whose dialect was most influential in the development of modern standard Dutch.",false,false,111
22,English,stan1293,English,eng,Eurasia,53.0,-1.0,Indo-European,20;2,,Germanic;North-West;West;Anglic,6495ED,"British English, in majority usage in England.",Germanic,English,"Set on Oxford, popularly considered a prestige location of the perceived standard variety of English in (southern) England, and where lexical usage corresponds to the lexeme determinations in the IE-CoR data for English.",false,false,115
23,Faroese,faro1244,Faroese,fao,Eurasia,62.0732,-6.88497,Indo-European,7,,Germanic;North-West;North,4169E1,,Germanic,Faroese,"Set on Tórshavn, capital of the Faroe Islands, and a roughly central location among the islands and their corresponding dialects.",false,false,98
24,Flemish,vlaa1240,Western Flemish,vls,Eurasia,51.0754,3.11345,Indo-European,7,,Germanic;North-West;West,6495ED,,Germanic,Flemish,"Set at the approximate mid-point of the Flemish-speaking regions of Belgium, on the border between the two more central dialects, East Flanders and (South) Brabant.",false,false,112
25,French,stan1290,French,fra,Eurasia,48.0,2.0,Indo-European,2,,Italic;Roman;Romance,76EE00,"Standard, with lexical usage of north-central France.",Italic,French,"Set in Tours, traditionally and still widely considered among French-speakers as a region whose (pronunciation) is close(st) to the perceived 'standard' language.  More relevant for IE-CoR is its location within north-central France, where lexical usage generally corresponds most closely to the entries in this IE-CoR data for French.",false,false,128
26,Frisian,west2354,Western Frisian,frs,Eurasia,53.143,5.86091,Indo-European,72,,Germanic;North-West;West,6495ED,"West Frisian, ‘common dialect’.",Germanic,Frisian,"Set roughly at the transition between the main surviving dialects, Klaaifrysk and Wâldfrysk.",false,false,113
27,German,stan1295,German,deu,Eurasia,48.649,12.4676,Indo-European,8,"'Hochdeutsch' standard German, particularly as spoken in (north-central) Germany.",Germanic;North-West;West,6495ED,"'Hochdeutsch' standard, in (north-central) Germany.",Germanic,German,"Set on Hannover.  Although without particular linguistic merit, Hannover is at least widely considered among German-speakers as a region whose (pronunciation) is close(st) to the perceived 'standard' language.  More relevant for IE-CoR is simply that Hannover is in a fairly central location within northern Germany, where lexical usage generally corresponds most closely to the lexeme determinations in the IE-CoR data for German.o",false,false,107
32,Greek: Modern Std,mode1248,Modern Greek,ell,Eurasia,38.36,23.13,Indo-European,4,"Contemporary Standard Modern Greek.  Transliterations follow ISO 843 TL. For phonological interpretation cf. Holton, Mackridge, and Philippaki-Warburton (2012)",Hellenic;Modern Hellenic,00BFFF,,Hellenic,Greek,"Athens, the capital city of the present day Hellenic Republic.",false,false,8
35,Hindi,hind1269,Hindi,hin,Eurasia,25.0,77.0,Indo-European,15,"Hindi:  the official language of India, and a lingua franca for almost all of nothern India.",Indo-Iranic;Indic,B0171F,,Indic,Hindi,"Set on Delhi, India",false,false,28
36,Icelandic,icel1247,Icelandic,isl,Eurasia,63.4837,-19.0212,Indo-European,7,,Germanic;North-West;North,4169E1,,Germanic,Icelandic,"Set in Reykjavík (on the Árni Magnússon Institute), as the capital of Iceland, given the general perception that dialectal variation by geography is in any case minimal.",false,false,97
38,Gaelic: Irish,iris1253,Irish,gle,Eurasia,53.2186,-7.61509,Indo-European,1,Modern standard as interpreted by a Galway speaker,Celtic;Goidelic,008B00,Modern standard,Celtic,GaelicIrish,Set at south Galway provenance of primary coder,false,false,151
39,Italian,ital1282,Italian,ita,Eurasia,43.0464,12.6489,Indo-European,1;26,,Italic;Roman;Romance,76EE00,Standard (originally based on the Florence dialect of Dante),Italic,Italian,"Set in Florence, the dialect of which historically formed the basis of standard ‘Italian’.",false,false,121
40,Kashmiri,kash1277,Kashmiri,kas,Eurasia,34.166825,74.330455,Indo-European,54,"This is essentially a northern variety of Kashmiri of the Kashmir valley, with respect to more divergent regional forms such as Poguli and Kashtawari spoken outside of the valley. However, this particular sub-variety is the one spoken on the Pakistani-administered side of the Line of Control.",Indo-Iranic;Indic,B0171F,Kamraaz variety,Indic,Kashmiri,"Set on Sharda (Neelum valley, Azad Jammu & Kashmir), the home of the main language consultant for these IE-CoR data.",false,false,33
42,Ladin,ladi1250,Ladin,lld,Eurasia,46.60651,11.89498,Indo-European,42,,Italic;Roman;Romance,76EE00,,Italic,Ladin,"Set on the border between Trentino and South Tyrol, a geographically central point of the area in which Ladin is spoken.",false,false,123
44,Latvian,latv1249,Latvian,lav,Eurasia,56.826108,24.309118,Indo-European,10,,Balto-Slavic;Baltic;Baltic East,FFCC88,Standard Latvian,Baltic,Latvian,"Standard Latvian is based on the Vidzeme subdialect of the Middle dialect. The coordinates are those of the village of Mūrmuiža near Valmiera, Latvia, close to where Jānis Endzelīns, one of the founders of the Latvian norm, was born.",false,false,68
46,Lithuanian,lith1251,Lithuanian,lit,Eurasia,55.1429,23.9601,Indo-European,10,,Balto-Slavic;Baltic;Baltic East,FFCC88,Standard Lithuanian,Baltic,Lithuanian,"Standard Lithuanian is based on the West Aukštaitian dialect. The coordinates are those of the village of Rygiškiai, Lithuania, where Jonas Jablonskis, one of the founders of the Lithuanian norm, grew up.",false,false,70
47,Sorbian: Lower,lowe1385,Lower Sorbian,dsb,Eurasia,51.6621,13.9407,Indo-European,11,West Slavic minority language spoken in eastern Germany,Balto-Slavic;Slavic;Slavic West,FFAD33,Standard,Slavic,SorbianLower,"Set on Chóśebuz (Cottbus), the historical capital of Lower Lusatia",false,false,89
48,Sorbian: Upper,uppe1395,Upper Sorbian,hsb,Eurasia,51.2403,14.4098,Indo-European,11,West Slavic minority language spoken in eastern Germany,Balto-Slavic;Slavic;Slavic West,FFAD33,Standard,Slavic,SorbianUpper,"Set on Budyšin (Bautzen), the historical capital of Upper Lusatia",false,false,88
50,Marathi,mara1378,Marathi,mar,Eurasia,17.9344,76.6665,Indo-European,49;15,"Marathi:  the official language of  the Indian state of Maharashtra, and one of the 22 scheduled languages of India. The data for this work was based on the standard Marathi spoken in Pune.",Indo-Iranic;Indic,B0171F,Pune variety,Indic,Marathi,"Set on Pune, India.",false,false,32
51,Nepali,east1436,Eastern Pahari,nep,Eurasia,27.5947033333,87.6200833333,Indo-European,15,"Nepali:  the official language of Nepal, as well as one of the 22 recognized languages of India, and an official language of the Indian state of Sikkim",Indo-Iranic;Indic,B0171F,,Indic,Nepali,"Set at Kathmandu, the capital of the Federal Democratic Republic of Nepal and the major educational, cultural and literary centre for Nepali.",false,false,30
54,Persian: Tehran,west2369,Western Farsi,pes,Eurasia,32.9,53.3,Indo-European,66,,Indo-Iranic;Iranic,FF3E96,,Iranic,PersianTehran,"City of Tehran, capital of modern Iran",false,false,53
55,Polish,poli1260,Polish,pol,Eurasia,51.8439,18.6255,Indo-European,11,Standard Polish,Balto-Slavic;Slavic;Slavic West,FFAD33,Standard,Slavic,Polish,"Set on Warsaw, as the current capital of Poland",false,false,82
56,Portuguese,port1283,Portuguese,por,Eurasia,39.91,-8.1,Indo-European,19,,Italic;Roman;Romance,76EE00,Standard European Portuguese.,Italic,Portuguese,"Set in Coimbra, in the area between Figueria da Foz and Guarda, popularly considered to be where “the best” Portuguese is spoken.  In particular, Coimbra, as home to the oldest and most venerable university in Portugal, plays an important role in establishing what is accepted in the standard language.",false,false,135
58,Norwegian: Bokmål,norw1259,Norwegian Bokmål,nob,Eurasia,61.112,8.886,Indo-European,73,,Germanic;North-West;North,4169E1,,Germanic,NorwegianBokmal,"Set on Oslo, since Bokmål was originally based on the ‘Dano-Norwegian’ spoken by the ‘urban elite’, especially in Oslo.",false,false,99
59,Romanian,roma1327,Romanian,ron,Eurasia,46.3913,24.2256,Indo-European,19,,Italic;Roman;Romance,76EE00,,Italic,Romanian,"Set in the Carpathians (the Bucegi mountains south of Brașov), as the transition between southern and Transylvanian dialects of Romanian.",false,false,117
60,Russian,russ1263,Russian,rus,Eurasia,59.0,50.0,Indo-European,11,Standard Russian,Balto-Slavic;Slavic;Slavic East,FFCC80,Standard,Slavic,Russian,"Set on Moscow, as the capital of Russia",false,false,91
62,Sardinian: Logudoro,nuor1238,Nuorese,src,Eurasia,,,Indo-European,38,Logudorese dialect,Italic;Roman;Romance,76EE00,Logudorese dialect,Italic,SardinianLogudoro,Set roughly in the geographical centre of the Logudoro-speaking area.,false,false,125
63,Sardinian: Nuoro,logu1236,Logudorese Sardinian,src,Eurasia,40.49,9.09957,Indo-European,38,Nuorese (Bitti) dialect (a conservative variety of Logudorese),Italic;Roman;Romance,76EE00,Nuorese (Bitti) dialect (a conservative variety of Logudorese),Italic,SardinianNuoro,"Set on the town of Bitti (Bitzi), the dialect used for the IE-CoR data for Nuoro Sardinian.",false,false,124
65,Sinhalese,sinh1246,Sinhala,sin,Eurasia,8.0,81.0,Indo-European,25,,Indo-Iranic;Indic,B0171F,,Indic,Sinhalese,"Set on Colombo, the capital of Sri Lanka and the cultural centre of the country, where standard Sinhala is a primary language.",false,false,23
66,Slovak,slov1269,Slovak,slk,Eurasia,48.545705,18.78479,Indo-European,11,Standard Slovak,Balto-Slavic;Slavic;Slavic West,FFAD33,Standard,Slavic,Slovak,"Set on Bratislava, as the capital of Slovakia",false,false,85
68,Spanish,stan1288,Spanish,spa,Eurasia,40.4414,-1.11788,Indo-European,19,,Italic;Roman;Romance,76EE00,Standard Castilian Spanish.,Italic,Spanish,"Set on Valladolid, at the centre of the region popularly considered to speak the ‘purest’ Spanish, or the variety closest to the rules of the Real Academia Española. This area roughly coincides with the provinces of Salamanca, Valladolid, Palencia and Burgos.",false,false,134
69,Swedish,swed1254,Swedish,swe,Eurasia,59.800634,17.389526,Indo-European,58,,Germanic;North-West;North,4169E1,Standard Swedish,Germanic,Swedish,"Set on Stockholm, a high-prestige dialect on which standard Swedish is heavily based.",false,false,102
73,Ukrainian,ukra1253,Ukrainian,ukr,Eurasia,49.796,29.945,Indo-European,11,Standard Ukrainian,Balto-Slavic;Slavic;Slavic East,FFCC80,Standard,Slavic,Ukrainian,"Set on Kiev, given the general perception of the Kiev region as one where the 'standard' form of Ukrainian is spoken.",false,false,93
76,Walloon,wall1255,Walloon,wln,Eurasia,50.2235,5.14509,Indo-European,62,,Italic;Roman;Romance,76EE00,Liège Walloon.,Italic,Walloon,"Set in Liège, the variety coded here.",false,false,129
80,Hittite,hitt1242,Hittite,hit,Eurasia,40.0,35.0,Indo-European,26,,Anatolian,8B4513,,Anatolian,Hittite,Site of Boğhazkale (Boğhazköy) identified with the Hittite capital Ḫattuša.,true,false,1
81,Tocharian A,tokh1242,Tokharian A,xto,Eurasia,42.98,89.18,Indo-European,24,"Tocharian A texts come from the Šorčuq and Turfan areas and do not date before the 7th c. CE. There is continuing debate as to whether the language was still spoken at this time, but there is no evidence that Tocharian A speakers ever lived to the west of Šorčuq. The Turfan texts exhibit a few minor linguistic peculiarities, suggesting that there were once actual living Tocharian A speech communities in both places.",Tocharian,F4A488,"Tocharian A, the relatively uniform language attested in texts of almost exclusively religious content, from Šorčuq and Turfan.",Tocharian,TocharianA,Set at a point geographically roughly intermediate between the two main areas where Tocharian A texts have been found: Šorčuq and Turfan.,true,false,3
82,Tocharian B,tokh1243,Tokharian B,txb,Eurasia,41.65,82.9,Indo-European,24,"Archaic/early Tocharian B of the Kuča region, attested in manuscripts from the 5th and 6th centuries CE.  From Kuča, the language spread to Šorčuq c. 600 CE, and then eastwards to Turfan and (marginally) westwards to Murtuq in the late 7th century CE.  The archaic/early form of Tocharian B, as targeted in the IE-CoR data, is from Kuča, while what is sometimes termed “classical” Tocharian B, represented by the majority of the surviving literary manuscripts, comes from Kuča and sites immediately to its east (Šorčuq, Qarašahr, etc.).",Tocharian,F4A488,Archaic/early Tocharian B of the Kuča region.,Tocharian,TocharianB,"Set on Kuča, since manuscript evidence indicates that the original location of Tocharian B speakers was Kuča and its environs (including Qumtura and Subashi) — see especially Peyrot (2008).",true,false,4
92,Macedonian,mace1250,Macedonian,mkd,Eurasia,41.5957,21.7932,Indo-European,11,Standard Macedonian,Balto-Slavic;Slavic;Slavic South,E68A00,Standard,Slavic,Macedonian,"Set on Skopje, as the capital of Macedonia",false,false,74
95,Serbo-Croat,croa1245,Croatian Standard,hrv,Eurasia,45.555,15.982,Indo-European,11,"Standard Serbo-Croat, with transcriptions in Ijekavian pronunciation",Balto-Slavic;Slavic;Slavic South,E68A00,Standard,Slavic,SerboCroatian,"Set on Belgrade, as the capital  of Serbia",false,false,77
97,Slovenian,slov1268,Slovenian,slv,Eurasia,46.2543,14.7766,Indo-European,11,Standard Slovenian,Balto-Slavic;Slavic;Slavic South,E68A00,Standard,Slavic,Slovenian,"Set on Ljubljana, as the capital of Slovenia",false,false,79
100,Old Church Slavonic,chur1257,Church Slavic,chu,Eurasia,43.7171,22.8442,Indo-European,11,Old Church Slavonic as documented in the texts of the strict canon (manuscripts from the 10th and 11th centuries AD),Balto-Slavic;Slavic;Slavic South,E68A00,Old Church Slavonic sensu stricto,Slavic,OldChurchSlavonic,"Set on Thessaloniki (Greece), the hometown of Saints Cyril and Methodius, the creators of Old Church Slavonic as a written language.",true,false,72
105,Vedic: Early,sans1269,Sanskrit,san,Eurasia,20.0,77.0,Indo-European,25,,Indo-Iranic;Indic,B0171F,,Indic,VedicEarly,"Set at Śalātura, the birthplace of Pāṇini.",true,false,21
108,Old Prussian,prus1238,Old Prussian,prg,Eurasia,52.394,14.757,Indo-European,10,,Balto-Slavic;Baltic;Baltic West,FFCC88,"Data were taken from the following Old Prussian sources: The three cathechisms, the Elbing vocabulary and Grunau's vocabulary. These sources represent several slightly different dialects of the Old Prussian language.",Baltic,OldPrussian,"The coordinates are those of Moxovoe, Kaliningrad Oblast', Russia. It is an archeological site located on the Sambia peninsula, which was one of the last areas where Old Prussian was spoken.",true,false,71
110,Greek: Ancient,anci1242,Ancient Greek,grc,Eurasia,39.8155,21.9129,Indo-European,4,"Classical Attic. For phonological description and phonetic reconstruction cf. Allen (1987).  Verb forms listed in 1.sg. present indicative unless otherwise specified.  Nouns listed in nominative singular unless otherwise specified.  Transliterations follow the ALA-LC system, with the addition of accentual diacritics.",Hellenic;Ancient Hellenic,00BFFF,,Hellenic,AncientGreek,"Site of Classical Athens, the area where the Attic dialect of Ancient Greek originated.",true,false,6
111,Maithili,mait1250,Maithili,mai,Eurasia,26.3817,86.2211,Indo-European,61,,Indo-Iranic;Indic,B0171F,,Indic,Maithili,"Set on Madhubani, the cultural centre of the Mithila region, the home region of several renowned Maithili poets, among them Vidyapati Thakur, the ‘father of Maithili literature’.",false,false,25
112,Latin,lati1261,Latin,lat,Eurasia,41.9026,12.4502,Indo-European,4,Classical Latin (Literary Standard of the Roman Late Republic/Early Imperial Period). Verb forms given in the present infinitive otherwise specified.  Nouns given in nominative singular unless otherwise specified.,Italic;Roman,76EE00,Classical Latin,Italic,Latin,Set in Rome.,true,false,116
115,Gaelic: Scottish,scot1245,Scottish Gaelic,gla,Eurasia,56.7574,-5.24366,Indo-European,17,,Celtic;Goidelic,008B00,South Uist,Celtic,GaelicScottish,"Set at the geographical midpoint of the island of South Uist, the variety targeted here.",false,false,149
118,Kurdish N.: Bahdini,nort2641,Northern Kurdish,kmr,Eurasia,37.0,43.0,Indo-European,74;29,Northern Kurdish (Kurmanji),Indo-Iranic;Iranic,FF3E96,,Iranic,Kurmanji,"Set at Duhok, Iraq, main urban location in which this variety is spoken",false,false,62
119,Urdu,urdu1245,Urdu,urd,Eurasia,25.0,67.0,Indo-European,15,"Urdu:  the official language of Pakistan, as well as one of the 22 recognized languages of India.",Indo-Iranic;Indic,B0171F,Pakistani Urdu,Indic,Urdu,"Set on Islamabad, Pakistan",false,false,29
120,Luxembourgish,luxe1241,Moselle Franconian,ltz,Eurasia,49.6839,6.14931,Indo-European,40,,Germanic;North-West;West,6495ED,,Germanic,Luxembourgish,Set on the approximate geographical mid-point of (the country of) Luxembourg.,false,false,108
122,Friulian,friu1240,Friulian,fur,Eurasia,46.1473,13.0493,Indo-European,60,,Italic;Roman;Romance,76EE00,,Italic,Friulian,"Set in Udine, cultural and political centre of the Friulian language",false,false,122
124,Ossetic: Iron,iron1242,Iron Ossetian,oss,Eurasia,42.98,44.61,Indo-European,21,"Standard Iron as spoken by the majority of speakers in North Ossetia (specifically, with respect to the sound changes /c/ → /s/, /dz/ → /z/, /s/ → /š/, /z/ → /ž/).",Indo-Iranic;Iranic,FF3E96,Standard Iron as spoken by the majority of speakers in North Ossetia,Iranic,OsseticIron,"Vladikavkaz, the capital of North Ossetia, and roughly the geographical centre of the Iron-speaking area (albeit slightly to the east).",false,false,66
125,Ossetic: Digor,digo1242,Digor Ossetian,oss,Eurasia,43.158056,44.156944,Indo-European,21,"The dialect characteristic of the Iræf district, with non-phonemic palatalization of affricates and sibilants before front vowels (cf. /cʼew/ [čʼew] 'bird'). I still chose Digora (Digorskij district) as the location because the data are supposed to represent the whole of the Digor dialect. Also this variety appears to be currently more widespread than the one without palatalization.",Indo-Iranic;Iranic,FF3E96,The dialect characteristic of the Iræf district.,Iranic,OsseticDigor,"Digora, the largest Digor-speaking town of Ossetia and also roughly the centre of the modern Digor-speaking area. (The original Digor area was more in the highlands.)",false,false,67
127,Old Irish,oldi1245,Early Irish,sga,Eurasia,53.0,-8.0,Indo-European,1,Primarily based on Old Irish glosses,Celtic;Goidelic,008B00,,Celtic,OldIrish,"Set at Armagh, primary site of Irish Christianity and centre for Old Irish",true,false,148
128,Avestan: Younger,aves1237,Avestan,ave,Eurasia,31.541,53.633,Indo-European,69,,Indo-Iranic;Iranic,FF3E96,,Iranic,AvestanYounger,"It is uncertain where Avestan was originally spoken. For further discussion, cf. Humbach, Helmut, Josef Elfenbein & Prods Oktor Skjærvø. 1991. The Gāthās of Zarathushtra and other Old Avestan Texts. Part I: Introduction – Text and Translation Heidelberg: Carl Winter Universitätsverlag",true,false,43
129,Armenian: Classical,clas1249,Classical-Middle Armenian,xcl,Eurasia,38.592316,41.346422,Indo-European,6,,Armenian,800080,,Armenian,ClassicalArmenian,"Set in present day Ejmiatsin, formerly also known as Vagharshapat, which was the capital of the Kingdom of Greater Armenia during the period of the earliest inscriptional and literary attestations of Classical Armenian.",true,false,15
130,Oscan,osca1245,Oscan,osc,Eurasia,,,Indo-European,4,,Italic;Sabellic,ADFF24,,Italic,Oscan,South Central Italy. Approximate centre of Oscan speaking areas prior to the historical spread of Latin.,true,false,136
131,Old Persian,oldp1254,Old Persian (ca. 600-400 B.C.),peo,Eurasia,32.0,54.0,Indo-European,69,,Indo-Iranic;Iranic,FF3E96,,Iranic,OldPersian,"Site of Anshan in Elam, the original home city of the Achaemenids.",true,false,51
132,Umbrian,umbr1253,Umbrian,xum,Eurasia,,,Indo-European,4,,Italic;Sabellic,ADFF24,,Italic,Umbrian,"Modern Gubbio, Italy. Find site of the Iguvine Tables which comprise the main bulk of the Umbrian corpus.",true,false,137
133,Luvian,cune1239,Cuneiform Luwian,xlu,Eurasia,,,Indo-European,26,Composite list of Cuneiform Luvian (xlu) and Hieroglyphic Luvian (hlu). Cuneiform Luvian and Hieroglyphic Luvian data are indicated respectively as (CL) and (HL) in the Native Script data.,Anatolian,8B4513,"Composite of both well-documented forms:  predominantly Cuneiform, but also some Hieroglyphic Luvian data.of predominantly Cuneiform Luvian (xlu) and Hieroglyphic Luvian (hlu).",Anatolian,Luvian,"Set at a geographically intermediate point between the archaeological sites where the main archives of the Cuneiform and Hieroglyphic forms were found, i.e. respectively Ḫattuša (modern Boğazköy) and ancient Karkamış.",true,false,2
140,Gaulish,tran1282,Transalpine Gaulish,xtg,Eurasia,43.97,3.3,Indo-European,16,"Lexeme determinations are difficult because much of our knowledge of the Gaulish lexicon is through analysis of proper names, including personal names, theonyms, and toponyms. Lexeme determinations have been made in cases where it seems clear that a form did indeed have the relevant meaning synchronically in Gaulish, including cases where this is an inference from proper names. For extensive discussion of the difficulties in determining lexeme meanings in Gaulish, see the introduction to Delamarre's Gaulish lexicon.",Celtic;Continental,006400,,Celtic,Gaulish,"Gergovia, stronghold of the Arverni",true,false,138
141,Kâta-vari: Eastern,east2308,Eastern Kativiri,bsh,Eurasia,,,Indo-European,27,"Kâmkata-vari comprises two major dialects, Kâmviri and Kâta-vari, named after the ethnonyms of their speakers, the Kom and the Kâta.  Kâta-vari itself comprises two major dialects, Eastern Kâta-vari and Western Kâta-vari, of which the former is more conservative.  Kâmkata-vari has been misnamed ""Kati"" and ""Bashgali"" in older literature, without regard to the dialects.",Indo-Iranic;Nuristani,DC143C,The Eastern Kâta-vari dialect of Kâmkata-vari.,Nuristani,KataVariEastern,"Location of the main community, Barg-i Matâl (Břagʹamâṭol).",false,false,38
143,Albanian: Standard,alba1267,Albanian,sqi,Eurasia,,,Indo-European,9,"Adjectives are cited with the accompanying (sort of) article: i for masculine and e for feminine. Nouns are cited in their indefinite forms. Due to a lack of infinitive, verbs are cited in the 1st person singular active indicative.",Albanian,999999,,Albanian,AlbanianStandard,"Set on the city of Elbasan, whose historical variety is a transitional dialect that features both Gheg and Tosk elements and was used as a first standard language in the early 20th century.  This had an important impact on what was since further development into today's standard language, and although not completely identical with it, remains close to the modern standard.",false,false,19
144,Magahi,maga1260,Magahi,mag,Eurasia,25.0915,85.3335,Indo-European,61,"Magahi is spoken mainly in Bihar and Jharkhand, along with some parts of West Bengal and Orissa. The data for this work was collected from the variety of Magahi spoken in and around the capital city of Patna, Jehanabad and Gaya.Although linguistically Magahi is different from Hindi (it does not even belong to same sub-family,as is clear from the Grierson's classification), the Indian government classifies Magahi as a dialect of Hindi. Despite this attitude, a large population (counting up to 13,978,565 according to the Census of India, 2001) residing in villages and small towns still speak and use the language astheir medium of communication and information-sharing (Alok et al 2011).",Indo-Iranic;Indic,B0171F,,Indic,Magahi,"Set on Patna, the capital of the Indian state of Bihar, the major town in which Magahi is spoken.",false,false,26
145,Elfdalian,elfd1234,Elfdalian,ovd,Eurasia,,,Indo-European,52,,Germanic;North-West;North,4169E1,,Germanic,Elfdalian,Set in the town of Älvdalen (Övdaln).,false,false,100
147,Gaelic: Manx,manx1243,Manx,glv,Eurasia,54.2604,-4.45437,Indo-European,18,,Celtic;Goidelic,008B00,,Celtic,GaelicManx,"Set at Tynwald Hill, traditional meeting place of the Manx parliamentary assembly",true,false,150
148,Old Breton,oldb1248,Old Breton,obt,,,,Indo-European,16,,Celtic;Brythonic;Breton,2E8B57,,Celtic,OldBreton,Set at approximate midway point between Lomarec and Gomené inscriptions,true,false,144
150,Old Welsh,oldw1239,Old-Middle Welsh,owl,Eurasia,,,Indo-European,32,,Celtic;Brythonic;Welsh,2E8B57,,Celtic,OldWelsh,"Tywyn, location of the Cadfan stone",true,false,139
152,Tsakonian: Peloponnese,tsak1248,Tsakonian,tsd,Eurasia,37.1405,22.7341,Indo-European,12,"Last living relic of Doric, spoken in the towns of Kastanitsa, Sitena, Prastos, Leonidi, Pramatefti, Sapounakeika, Tyros, and Melana, possibly also still in Korakovunio, on the east coast of the Peloponnese.",Hellenic;Modern Hellenic,00BFFF,,Hellenic,TsakonianPeloponnese,"Set on the village of Leonidio (Λεωνίδιο), the de facto capital of the Tsakonian region.",false,false,13
157,Old Swedish,swed1254,Swedish,swe,Eurasia,59.800634,17.389526,Indo-European,7,,Germanic;North-West;North,4169E1,,Germanic,OldSwedish,"Set on the approximate midpoint of the province of Västergötland (West Gothland), since the main early texts for Old Swedish are the legal codes for this region, the Västgötalagen.",true,false,101
162,Pali,pali1273,Pali,pli,Eurasia,24.5271,82.251,Indo-European,5,,Indo-Iranic;Indic,B0171F,,Indic,Pali,"It is difficult to give an exact original location for Pāli, but the location as given is set to reflect the dominant Western MIA characteristics of Pāli. It is set here at Ujjain, historical capital of Avanti, realm associated with Pāli (Warder, A. K. Indian Buddhism. 2000). For further discussion cf. Norman, K. R. 2002. ""Pāli and the languages of early Buddhism"" In Indo-Iranian Languages and Peoples, ed. by N. Sims-Williams, 135-50. Oxford: Oxford University Press.",true,false,22
172,Middle Breton,midd1359,Middle Breton,xbm,,,,Indo-European,16,,Celtic;Brythonic;Breton,2E8B57,,Celtic,MiddleBreton,"Set on Saint-Paul de Léon, the historical capital of the Léon region.",true,false,145
173,Greek: Mycenaean,myce1241,Mycenaean Greek,gmy,Eurasia,,,Indo-European,4,Mycenaean Greek from Linear B sources.,Hellenic;Ancient Hellenic,00BFFF,,Hellenic,MycenaeanGreek,"Archaeological Site of Mycenae. Other major archive centres were Knossos, Pylos, Tiryns, and Thebes.",true,false,5
174,Khotanese,khot1251,Khotanese,kho,Eurasia,38.33,79.04,Indo-European,5,"Eastern Middle Iranian of Khotan, Southern Silk Road (now Hotan in China)Written in South Turkestan Brahmi script",Indo-Iranic;Iranic,FF3E96,,Iranic,Khotanese,"Set on Hotan, the capital of the Kingdom of Khotan, in which Khotanese was spoken.",true,false,46
175,Kashubian,kash1274,Kashubian,csb,Eurasia,54.2996,18.6163,Indo-European,11,West Slavic minority language spoken in Poland. Central Kashubian as spoken in the western part of this dialect area in the vicinity of Serakòjce (Sierakowice),Balto-Slavic;Slavic;Slavic West,FFAD33,"Central dialect, around Sierakowice",Slavic,Kashubian,"Set on the village of Sierakowice, the largest town in the Central-West Kashubian dialect area",false,false,83
176,Polabian,pola1255,Polabian,pox,Eurasia,52.0,14.0,Indo-European,11,Extinct West Slavic language documented in a few sources from the turn of the 17th to 18th centuries AD,Balto-Slavic;Slavic;Slavic West,FFAD33,,Slavic,Polabian,"Set in Klennow (near Wustrow), the home village of the main informant for the richest available documentation of Polabian, by Christian Hennig von Jessen.  For details, see Polański & Sehnert (1967: 15).",true,false,84
177,Greek: New Testament,koin1234,Koineic Greek,grc,,,,Indo-European,4,Strictly confined to the variety of Roman-period koiné Greek that is attested in the New Testament corpus.  Other varieties of Jewish koiné Greek (e.g. in the Septuagint translation of the Hebrew scriptures) are not included.,Hellenic;Ancient Hellenic,00BFFF,,Hellenic,NTGreek,Site of Jerusalem in Roman Palestine.,true,false,7
178,Middle Persian,pahl1241,Pahlavi,xmn,Eurasia,,,Indo-European,5,"Middle Persian as found in Manichaean texts from Central Asia, written in Manichaean script. In contrast to Zoroastrian ""Pahlavi"" writing reflects the actual phonology much better, and this variety also appears to be more strictly ""Persian"" (less loans from NW Iranian). Phonologization follows Durkin-Meisterernst and MacKenzie.",Indo-Iranic;Iranic,FF3E96,,Iranic,MiddlePersian,Site of Persian capital Persepolis,true,false,52
179,Parthian,part1239,Parthian,xpr,Eurasia,,,Indo-European,5,"Middle Northwestern Iranian language, attested parallel to Middle Persian in Manichaean texts. A very restricted  corpus of older inscriptions from Iran also exist. Early Parthian (or related languages) were the main source for Middle Iranian loanwords in Armenian.Phonologization follows Durkin-Meisterernst 2004, except for <c>,<ž> and <j>, whereI have applied the findings of Korn 2010 (Bulletin of SOAS, 73/3, 415–436), i.e. <c>=<z> = /č/, <j> = /ž/ [ʒ ~ dʒ]",Indo-Iranic;Iranic,FF3E96,,Iranic,Parthian,"Set on modern-day Nisa, Turkmenistan, an archaeological site of a fortress associated with Arsaces I (r. 247–217 BCE), the first king of Parthia and the founder of the Arsacid dynasty.",true,false,50
188,Tsakonian: Propontis,prop1240,Propontis Tsakonian,tsd,Eurasia,,,Indo-European,12,"Extinct variety of Tsakonian formerly spoken at a Tsakonian colony in the Propontis region of Asia Minor. Speakers of Propontic Tsakonian were relocated to various areas of Greece following the population exchanges of 1922, and later shifted to Standard Modern Greek.",Hellenic;Modern Hellenic,00BFFF,,Hellenic,TsakonianPropontis,"Location of a former Tsakonian colony in the Propontis region of Asia Minor. Cf. Tsakonian dialect map in Liosis, Nikos. 2016. ""Tsakonian Studies: The State-of-the-Art"" Μελέτες για την ελληνική γλώσσα [Studies in Greek Linguistics] 36 : 205-17.",true,false,14
189,Neapolitan,neap1235,Continental Southern Italian,nap,Eurasia,39.2288,16.4225,Indo-European,22,,Italic;Roman;Romance,76EE00,,Italic,Neapolitan,Set in Naples.,false,false,120
190,Latgalian,east2282,East Latvian,ltg,Eurasia,,,Indo-European,10,,Balto-Slavic;Baltic;Baltic East,FFCC88,,Baltic,Latgalian,The coordinates are those of the town of Rēzekne in the centre of Latgalia.,false,false,69
195,Greek: Cypriot,cypr1249,Cypriot Greek,ell,Eurasia,34.924591,32.978113,Indo-European,64,,Hellenic;Modern Hellenic,00BFFF,,Hellenic,GreekCypriot,Approximate centre of the Greek Cypriot administered region of Cyprus.,false,false,11
201,Greek: Italiot,apul1236,Apulia-Calabrian Greek,ell,Eurasia,40.35,18.166667,Indo-European,12,Modern Italiot Greek. Note this list contains both Calabrian and Apulian forms.,Hellenic;Modern Hellenic,00BFFF,,Hellenic,GreekItaliot,"Region of Calabria, one of two main locations along with Apulia where modern Italiot varieties of Hellenic are spoken in present day.",false,false,12
203,Anglo-Norman,angl1258,Anglo-Norman,xno,,,,Indo-European,57,,Italic;Roman;Romance,76EE00,,Italic,AngloNorman,"Set in Westminster, traditional venue for the coronation of English monarchs since Norman times.",true,false,127
204,Old Spanish,olds1249,Old Spanish,osp,Eurasia,,,Indo-European,37,,Italic;Roman;Romance,76EE00,,Italic,OldSpanish,"Set on Toledo, since the IE-CoR data for Old Spanish are centred on texts from the royal chancellery of Alfonso el Sabio (reigned 1252-1284 CE) in Toledo.",true,false,133
207,Dalmatian,dalm1243,Dalmatian,dlm,Eurasia,42.7095,18.0238,Indo-European,75,,Italic;Roman;Romance,76EE00,Vegliote,Italic,Dalmatian,"Set on the town of Krk, on the island of the same name, where the Vegliote variety was spoken",true,false,119
209,Old French,oldf1239,Old French (842-ca. 1400),fro,Eurasia,,,Indo-European,41,,Italic;Roman;Romance,76EE00,,Italic,OldFrench,"Set in Paris, cultural and political centre of the area in which Old French was spoken.",true,false,126
210,Greek: Cappadocian,capp1239,Cappadocian Greek,cpg,Eurasia,38.73,35.45,Indo-European,12,,Hellenic;Modern Hellenic,00BFFF,,Hellenic,GreekCappodocian,Area roughly corresponding to location of villages where present day Cappadocian Greek dialects are spoken.,false,false,9
211,Greek: Pontic,pont1253,Pontic,pnt,Eurasia,41.266015,36.097421,Indo-European,12,,Hellenic;Modern Hellenic,00BFFF,,Hellenic,GreekPontic,"Geographical co-ordinates between Of and Çaykara in Trabazon province, the two regions with the largest numbers of Pontic Greek speakers in Anatolia.",false,false,10
212,Vâsi-vari: Paṣki,lowe1390,Lower Prasun,prn,Eurasia,,,Indo-European,27,"Vâsi-vari is spoken in the six villages of the Pârûn Valley.  Each village has its own dialect.  Vâsi-vari has been called ""Prasun"" and ""Paruni"" in the literature, but these are not native names.",Indo-Iranic;Nuristani,DC143C,The dialect of Vâsi-vari spoken in Paṣki.,Nuristani,VasiVariPaski,"Location of the lowest community in the Pârûn Valley, Paṣki (Uṣʹüt).",false,false,42
213,Kâta-vari: Ktivi,west2372,Western Kativiri,bsh,Eurasia,,,Indo-European,27,"Kâmkata-vari comprises two major dialects, Kâmviri and Kâta-vari, named after the ethnonyms of their speakers, the Kom and the Kâta.  Kâta-vari itself comprises two major dialects, Eastern Kâta-vari and Western Kâta-vari.  Among other changes, Western Kâta-vari has lost vocalic nasalization, which is retained in the other dialects.  Kâmkata-vari has been misnamed ""Kati"" and ""Bashgali"" in older literature, without regard to the dialects.",Indo-Iranic;Nuristani,DC143C,"The Western Kâta-vari dialect of Kâmkata-vari, as spoken in the Ktivi Valley of central Nûristân.",Nuristani,KataVariKtivi,"Location of the main community, Kântivâ (Ktʹivi).",false,false,39
214,Kâmviri,kamv1242,Kamviri,xvi,Eurasia,30.0,70.0,Indo-European,27,"Kâmkata-vari comprises two major dialects, Kâmviri and Kâta-vari, named after the ethnonyms of their speakers, the Kom and the Kâta.  The Kom, at least, are most probably descendants of the ancient Kamboja people, known since the 6th century BCE.  Kâmkata-vari has been misnamed ""Kati"" and ""Bashgali"" in older literature, without regard to the dialects.",Indo-Iranic;Nuristani,DC143C,The Kâmviri dialect of Kâmkata-vari.,Nuristani,Kamviri,"Location of the main community, Kâmdesh (Kʹombřom).",false,false,37
215,Saṇu-viri: Wâmâ,suru1257,Suruviri,ask,Eurasia,,,Indo-European,27,"Âṣkuṇu-Saṇu-viri comprises the dialects of three ethnic groups that inhabit portions of upper Laghmân and across the watershed in the middle Pech Valley.  Saṇu-viri is the dialect of the Saṇu people, centered on the village of Wâmâ in the Pech.  Âṣkuṇu-Saṇu-viri has been called ""Ashkun"" in previous literature, after the Âṣkuṇu people of upper Laghmân.",Indo-Iranic;Nuristani,DC143C,"Saṇu-viri, the dialect of Âṣkuṇu-Saṇu-viri spoken in Wâmâ.",Nuristani,SanuViriWama,"Location of the main community, Wâmâ (Sâma).",false,false,41
216,Kalaṣa-alâ: Nišeigrâm,chim1297,Chima-Nishey,wbk,Eurasia,,,Indo-European,27,"Kalaṣa-alâ consists of two major dialect groups, one comprising four villages of the upper Wâigal Valley plus four villages in adjacent valleys, the other including five villages in the lower valley.  Each village has its own sub-dialect.  The dialect of Nišeigrâm is the major one of the lower dialect group.  Kalaṣa-alâ has been called ""Waigali"" after the name of its home valley, but properly that name should denote only the dialect of the major village of the upper valley,Vâigal.",Indo-Iranic;Nuristani,DC143C,"Nišei-alâ, the dialect of Kalaṣa-alâ spoken in Nišeigrâm.",Nuristani,KalasaAlaNiseigram,"Location of the main community, Niše'i (Nišeigrâm).",false,false,40
219,Palula,ashr1238,Ashreti,phl,Eurasia,,,Indo-European,56,The best described variety and the ’standard for ongoing orthography development.,Indo-Iranic;Indic,B0171F,"Southern Palula (Ashreti), one of two main dialects",Indic,Palula,"Set on Ashret (Chitral district), the largest Palula settlement and home of the main language consultant for these IE-CoR data.",false,false,34
220,Franco-Provençal,fran1269,Francoprovencalic,frp,,,,Indo-European,55,"Franco-Provençal (‘Arpitan’) refers to the Alpine varieties of Romance spoken in parts of Switzerland (Suisse Romande), Italy (Val d’Aosta) and France (Savoy).  Not to be confused with Provençal, spoken in the Provence region of south-eastern France.",Italic;Roman;Romance,76EE00,,Italic,FrancoProvencal,"Set at the meeting point of the borders of Switzerland (Suisse Romande), Italy (Val d'Aosta) and France (Savoy), the regions of all three countries where Franco-Provençal is spoken.",false,false,130
222,Bhojpuri,bhoj1244,Bhojpuri,bho,Eurasia,26.458455,84.817115,Indo-European,61,Gorakhpuri,Indo-Iranic;Indic,B0171F,,Indic,Bhojpuri,"Set on Gorakhpur, the town where the IE-CoR Bhojpuri data were elicited, and the centre of the Gorakhpuri dialect, one of the main dialects of Bhojpuri",false,false,27
229,Breton: Treger,treg1244,Tregorrois,bre,Eurasia,,,Indo-European,3,,Celtic;Brythonic;Breton,2E8B57,Treger dialect,Celtic,BretonTreger,"Set on Tréguier, capital of the historical region of Treger.",false,false,147
230,Late Cornish,oldc1252,Old Cornish,cor,,,,Indo-European,76,,Celtic;Brythonic;Cornish,2E8B57,,Celtic,LateCornish,"Set on Mousehole (Porthenys), the most probable location of the last native speakers of Cornish.",true,false,143
231,Middle Cornish,oldc1252,Old Cornish,cnx,,,,Indo-European,76,,Celtic;Brythonic;Cornish,2E8B57,,Celtic,MiddleCornish,"Set on Glasney College in Penryn, where many of the core surviving texts in Middle Cornish, particularly ‘Miracle plays’, were composed.",true,false,142
234,Breton: Gwened,vann1244,Vannetais,bre,Eurasia,,,Indo-European,51,,Celtic;Brythonic;Breton,2E8B57,Gwened (Vannetais) dialect,Celtic,BretonGwened,"Set on Vannes, historical capital of Gwened",false,false,146
236,Welsh: North,nort2668,Northern Welsh,cym,Eurasia,,,Indo-European,59,,Celtic;Brythonic;Welsh,2E8B57,North Wales,Celtic,WelshNorth,Approximate mid-point of the northern dialect area of Welsh.,false,false,141
238,Old Polish,poli1260,Polish,pol,Eurasia,51.8439,18.6255,Indo-European,11,Old Polish as documented in the dictionary Słownik Staropolski (1953-2002),Balto-Slavic;Slavic;Slavic West,FFAD33,,Slavic,OldPolish,"Set on Gniezno, as the oldest capital of Poland",true,false,81
239,Middle Welsh,,,wlm,,,,,32,,Celtic;Brythonic;Welsh,2E8B57,,Celtic,MiddleWelsh,Approximate midway point between provenance of White Book of Rhydderch and Red Book of Hergest,true,false,140
242,Kumzari,kumz1235,Kumzari,zum,Eurasia,26.1602,56.4202,Indo-European,30,,Indo-Iranic;Iranic,FF3E96,,Iranic,Kumzari,"These are the coordinates for the town of Kumzar, the historical, political and cultural centre of the language.",false,false,61
243,Old Czech,czec1258,Czech,ces,Eurasia,49.873398,15.10437,Indo-European,11,Old Czech as documented in dictionaries and corpora published at http://vokabular.ujc.cas.cz,Balto-Slavic;Slavic;Slavic West,FFAD33,,Slavic,OldCzech,"Set on Prague, as the capital of historical Bohemia",true,false,86
245,Old Novgorod,oldr1238,Old Russian,orv,Eurasia,,,Indo-European,11,"Historical Slavic variety from northern Russia, markedly divergent from Old Russian proper, showing some features that are entirely absent in all other historical and modern Slavic varieties",Balto-Slavic;Slavic;Slavic East,FFCC80,,Slavic,OldNovgorod,Set on Velikij Novgorod,true,false,90
249,Rusyn,rusy1239,Rusyn,rue,Eurasia,48.7171,22.9579,Indo-European,11,"East Slavic minority language spoken in the Carpathians and surrounding regions, showing (depending on the particular dialect) admixtures of West and South Slavic features. Rusyn as spoken in Toruń (Transcarpathian Ukraine) and documented by Nikolaev & Tolstaâ (2001)",Balto-Slavic;Slavic;Slavic East,FFCC80,Toruń dialect (Transcarpathian Ukraine),Slavic,Rusyn,Set on the village of Toruń in the Transcarpathia (Zakarpattia) province of Ukraine,false,false,94
253,Macedonian: Visoka,mace1250,Macedonian,mkd,Eurasia,41.5957,21.7932,Indo-European,11,"The Visoka dialect of Macedonian, as described by Małecki (1936)",Balto-Slavic;Slavic;Slavic South,E68A00,Visoka,Slavic,MacedonianVisoka,Set on the village of Visoka/Osa in the Thessaloniki region of Greece.,false,false,76
254,Macedonian: Suho,mace1250,Macedonian,mkd,Eurasia,41.5957,21.7932,Indo-European,11,"The Suho dialect of Macedonian, as described by Małecki (1936)",Balto-Slavic;Slavic;Slavic South,E68A00,Suho,Slavic,MacedonianSuho,Set on the village of Suho/Sochos in the Thessaloniki region of Greece.,false,false,75
257,Bakhtiari,bakh1245,Bakhtiari,bqi,Eurasia,32.0163,49.7713,Indo-European,77;30,,Indo-Iranic;Iranic,FF3E96,,Iranic,Bakhtiari,"These are the coordinates for the town of Ardal, where the language data were collected.",false,false,56
259,Slovenian: Early Modern,slov1268,Slovenian,slv,Eurasia,46.2543,14.7766,Indo-European,11,Based on the dictionary of Kastelec & Vorenc from 1680-1710 (Stabej 1997),Balto-Slavic;Slavic;Slavic South,E68A00,,Slavic,SloveneHistorical,"Set on Ljubljana, as the capital of Slovenia",true,false,78
260,Slovenian: Kostel,lowe1384,Lower Carniola,slv,Eurasia,,,Indo-European,11,Kostel dialect (belonging to the Lower Carniolan dialect group) as documented in the dictionary by Gregorič (2015),Balto-Slavic;Slavic;Slavic South,E68A00,Kostel dialect,Slavic,SloveneKostel,"Set on the settlement of Kostel, the historical centre of the Lower Carniola region",false,false,80
263,German: Bernese,swis1247,Central Alemannic,gsw,Eurasia,47.0516,8.46419,Indo-European,48,,Germanic;North-West;West,6495ED,,Germanic,GermanBernese,Set on Bern.,false,false,109
265,Mazanderani,maza1291,Mazanderani,mzn,Eurasia,36.241,52.3009,Indo-European,78;79,,Indo-Iranic;Iranic,FF3E96,,Iranic,Mazanderani,"Sari, Iran, main urban centre in which this variety is spoken",false,false,55
266,Punjabi,panj1256,Eastern Panjabi,pan,Eurasia,30.0368,75.6702,Indo-European,80,"Punjabi:  one of the major languages of Pakistan, as well as one of the 22 recognized languages of India, and an official language of the Indian state of Punjab.",Indo-Iranic;Indic,B0171F,Indian Punjabi,Indic,Punjabi,"Set on Amritsar, state of Punjab, India",false,false,31
271,Sogdian,sogd1245,Sogdian,sog,Eurasia,,,Indo-European,45,,Indo-Iranic;Iranic,FF3E96,,Iranic,Sogdian,"Set on Samarkand, one of the principal cities of ancient Sogdiana.",true,false,45
273,Kurdish C.: Jafi,cent1972,Central Kurdish,ckb,Eurasia,35.6539,45.8077,Indo-European,81;29,,Indo-Iranic;Iranic,FF3E96,Jafi dialect of Javanrud,Iranic,KurdishJafi,"Set at Javanrud, Kermanshah province, Iran, provenance of the speaker from whom the data was elicited",false,false,63
274,Balochi: Sistani,west2368,Western Balochi,bgn,Eurasia,37.83,62.17,Indo-European,82;78,,Indo-Iranic;Iranic,FF3E96,Sistani Balochi,Iranic,BalochiSistani,"Zahedan, Iran, main urban centre in which this variety is spoken",false,false,60
277,Tati,take1255,Takestani,tks,Eurasia,36.065077,49.688542,Indo-European,79,,Indo-Iranic;Iranic,FF3E96,,Iranic,Tati,"Set on Takestan, Qazvin, Iran, the main urban centre where this variety is spoken.",false,false,54
278,Bactrian,bact1239,Bactrian,xbc,Eurasia,,,Indo-European,45,,Indo-Iranic;Iranic,FF3E96,,Iranic,Bactrian,"Set on Balkh, ancient capital of Bactria.",true,false,49
279,Lari,lari1253,Lari,lrl,Eurasia,27.6436,54.63449,Indo-European,83;30,,Indo-Iranic;Iranic,FF3E96,,Iranic,Lari,"Set on the town of Ahel, where the IE-CoR data were collected.",false,false,59
280,Delvari,sout2645,Fars Dialects,fay,Eurasia,29.746,52.267,Indo-European,84,,Indo-Iranic;Iranic,FF3E96,,Iranic,Delvari,"Set on Delvar township, Bušehr province, Iran, main urban centre where this variety is spoken.",false,false,58
281,Megleno-Romanian,megl1237,Megleno Romanian,ruq,Eurasia,41.1174,22.3782,Indo-European,85,,Italic;Roman;Romance,76EE00,,Italic,MeglenoRomanian,Set to a geographically central location within the area in which Megleno-Romanian is spoken,false,false,118
282,Hawrami,hawr1243,Hawraman-I Taxt,hac,Eurasia,,,Indo-European,86,,Indo-Iranic;Iranic,FF3E96,,Iranic,Hawrami,"Set at Parveh, Iran, main urban centre in which this variety is spoken",false,false,65
284,Khowar,khow1242,Khowar,khw,Eurasia,36.0,72.0,Indo-European,87;56,"There is in fact only very slight dialect variation considering how widespread the language is, but due to only recent expansion.",Indo-Iranic;Indic,B0171F,Khowar of Mastuj,Indic,Khowar,"Set on Mastuj (Chitral district), one of the oldest centres of the language and home of the main language consultant for these IE-CoR data.",false,false,36
285,Kurdish S: Elami,sout2640,Southern Kurdish,sdh,Eurasia,32.8977,46.5976,Indo-European,88;30,,Indo-Iranic;Iranic,FF3E96,Elami,Iranic,KurdishElami,"These are the coordinates for Ilam, the town where the language data were collected.",false,false,64
286,Albanian: Arbëresh,arbe1236,Arbëreshë Albanian,aae,Eurasia,38.911,16.7164,Indo-European,65,,Albanian,999999,,Albanian,AlbanianArberesh,"Set on the village of Caraffa di Catanzaro in Calabira, toe 'toe' of Italy, the variety targeted here.",false,false,20
287,Khwarazmian,khwa1238,Khwarezmian,xco,Eurasia,,,Indo-European,68,,Indo-Iranic;Iranic,FF3E96,,Iranic,Khwarazmian,"Set in the area formerly of the lower reaches of the river Amu Darya (Oxus) south of the Aral Sea, ancient Khwarazmia.",true,false,44
288,Gawarbati,gawa1247,Gawar-Bati,gwt,Eurasia,35.1982,71.5428,Indo-European,56,"This is not a true dialect division, more a recent divergence effect from the international border (Pakistan/Afghanistan) cutting through the region where the language is spoken.",Indo-Iranic;Indic,B0171F,Pakistani Gawarbati,Indic,Gawarbati,"Set on Arandu (Chitral district), the main Gawarbati town on the Pakistani side of the border and home of the main language consultant for these IE-CoR data.",false,false,35
289,Old Catalan,,,cat,,,,,47,,Italic;Roman;Romance,76EE00,,Italic,OldCatalan,"Set on the monastery of Poblet, where the abbot commissioned the Catalan version of the Llibre dels Fets, the primary source material for the IE-CoR entries for Old Catalan.",true,false,131
291,Raji: Barzoki,cent2264,Central Iran Kermanic,,,,,Indo-European,50;30,,Indo-Iranic;Iranic,FF3E96,,Iranic,RajiBarzoki,"These are the coordinates for the town of Barzok, where the language data were collected.",false,false,57
292,Pashto,yusu1238,Yusufzai,pbu,Eurasia,,,Indo-European,46,,Indo-Iranic;Iranic,FF3E96,Yusufzai,Iranic,Pashto,"Provenance of primary coder near Swabi in Khyber Pakhtunkhwa province, Pakistan.",false,false,47
295,Old High German,oldh1241,Old High German (ca. 750-1050),goh,Eurasia,52.0,10.0,Indo-European,89,,Germanic;North-West;West,6495ED,"East Franconian, the dialect of the Old High German Tatian text.",Germanic,OldHighGerman,"Set on the monastery of Fulda, where the major reference text in Old High German, the translation of Tatian, is widely assumed to have been produced.",true,false,105
296,Sarikoli,sari1246,Sarikoli,srh,Eurasia,37.905,75.1449,Indo-European,90;91,,Indo-Iranic;Iranic,FF3E96,,Iranic,Sarikoli,"Location of the county seat of the Tashkorgan Tajik Autonomous County, main urban centre where Sarikoli is spoken.",false,false,48
297,Old Saxon,olds1250,Old Saxon,osx,Eurasia,52.37,9.72,Indo-European,89,,Germanic;North-West;West,6495ED,The text of the epic poem Hêliand.,Germanic,OldSaxon,"Set on Bremen, an important early city central within the region where Old Saxon was spoken.",true,false,104
298,Old English,olde1238,Old English (ca. 450-1100),ang,Eurasia,51.06,-1.31,Indo-European,89,,Germanic;North-West;West;Anglic,6495ED,West Saxon dialect of Old English,Germanic,OldEnglish,"Set on Winchester, as the reference point for the best documented dialect of Old English, sometimes even referred to as the ""Winchester standard"".",true,false,114
299,Middle High German,midd1343,Middle High German,gmh,Eurasia,,,Indo-European,89,,Germanic;North-West;West,6495ED,‘Dichtersprache’,Germanic,MiddleHighGerman,"Set on Stuttgart, a major city in the Swabian-speaking area, given that the ‘standardised’ written form of Middle High German (the ‘Dichtersprache’) was generalised from the spoken language of Swabian area.",true,false,106
300,Middle Dutch,midd1321,Middle Dutch,dum,Eurasia,,,Indo-European,89,,Germanic;North-West;West,6495ED,Brabant dialect.,Germanic,MiddleDutch,"Set on Eindhoven, the capital of modern Noord-Brabant and close to the centre of historical Brabant, a central dialect area and the most influential dialect in the Middle Dutch period.",true,false,110
302,Old Icelandic,oldn1244,Old Norse,non,Eurasia,63.42,10.38,Indo-European,89,,Germanic;North-West;North,4169E1,,Germanic,OldIcelandic,"Set at Þingvellir. the venue of the Alþingi, Iceland's historical parliament.",true,false,96
303,Gothic,goth1244,Gothic,got,Eurasia,46.9304,29.9786,Indo-European,89,,Germanic;East Germanic,27408B,The text of the Gothic Bible as translated by Wulfila.,Germanic,Gothic,"Nicopolis ad Istrum. Although original to northern Europe, by the date at which Gothic language was first written down, in the form of Wulfila's translation of the Bible into Gothic, Wulfila and his Gothic-speaking followers were settled in the Roman province of Moesia, around Nicopolis ad Istrum (near Veliko Tarnovo in north-central Bulgaria)",true,false,95
